,Batch,Pred_subtype
GSM1712367,GSE69914,LumA
GSM1712370,GSE69914,LumA
GSM1712371,GSE69914,LumA
GSM1712373,GSE69914,LumA
GSM1712374,GSE69914,LumB
GSM1712375,GSE69914,Her2
GSM1712376,GSE69914,LumB
GSM1712377,GSE69914,LumA
GSM1712379,GSE69914,LumA
GSM1712380,GSE69914,LumA
GSM1712381,GSE69914,Normal-like
GSM1712382,GSE69914,LumA
GSM1712384,GSE69914,LumA
GSM1712386,GSE69914,LumA
GSM1712387,GSE69914,Her2
GSM1712388,GSE69914,LumA
GSM1712389,GSE69914,LumB
GSM1712391,GSE69914,Her2
GSM1712393,GSE69914,LumA
GSM1712394,GSE69914,Her2
GSM1712395,GSE69914,LumB
GSM1712396,GSE69914,Normal-like
GSM1712397,GSE69914,LumB
GSM1712399,GSE69914,LumB
GSM1712400,GSE69914,LumA
GSM1712401,GSE69914,LumA
GSM1712402,GSE69914,Basal
GSM1712403,GSE69914,Her2
GSM1712404,GSE69914,Her2
GSM1712406,GSE69914,LumA
GSM1712407,GSE69914,LumA
GSM1712408,GSE69914,Basal
GSM1712409,GSE69914,LumA
GSM1712410,GSE69914,LumB
GSM1712413,GSE69914,LumA
GSM1712414,GSE69914,LumA
GSM1712415,GSE69914,Her2
GSM1712416,GSE69914,LumA
GSM1712417,GSE69914,LumA
GSM1712418,GSE69914,LumA
GSM1712421,GSE69914,LumA
GSM1712422,GSE69914,LumA
GSM1712424,GSE69914,LumA
GSM1712425,GSE69914,LumA
GSM1712426,GSE69914,LumA
GSM1712428,GSE69914,LumA
GSM1712429,GSE69914,Normal-like
GSM1712430,GSE69914,Normal-like
GSM1712431,GSE69914,LumA
GSM1712432,GSE69914,LumA
GSM1712433,GSE69914,LumA
GSM1712434,GSE69914,LumA
GSM1712437,GSE69914,Basal
GSM1712438,GSE69914,LumA
GSM1712441,GSE69914,Basal
GSM1712443,GSE69914,LumA
GSM1712444,GSE69914,LumB
GSM1712445,GSE69914,LumB
GSM1712446,GSE69914,LumA
GSM1712447,GSE69914,Normal-like
GSM1712448,GSE69914,LumA
GSM1712451,GSE69914,LumA
GSM1712452,GSE69914,Basal
GSM1712453,GSE69914,Normal-like
GSM1712454,GSE69914,LumA
GSM1712455,GSE69914,Normal-like
GSM1712456,GSE69914,Normal-like
GSM1712458,GSE69914,Basal
GSM1712459,GSE69914,Her2
GSM1712460,GSE69914,Her2
GSM1712461,GSE69914,LumB
GSM1712462,GSE69914,Her2
GSM1712463,GSE69914,LumA
GSM1712465,GSE69914,LumA
GSM1712467,GSE69914,LumA
GSM1712468,GSE69914,LumA
GSM1712469,GSE69914,LumB
GSM1712470,GSE69914,LumA
GSM1712471,GSE69914,LumA
GSM1712474,GSE69914,Normal-like
GSM1712477,GSE69914,LumA
GSM1712478,GSE69914,LumB
GSM1712479,GSE69914,LumA
GSM1712480,GSE69914,LumA
GSM1712481,GSE69914,Normal-like
GSM1712482,GSE69914,LumB
GSM1712483,GSE69914,LumA
GSM1712484,GSE69914,Normal-like
GSM1712485,GSE69914,LumB
GSM1712486,GSE69914,LumA
GSM1712488,GSE69914,LumA
GSM1712491,GSE69914,LumA
GSM1712492,GSE69914,LumA
GSM1712493,GSE69914,LumA
GSM1712494,GSE69914,LumA
GSM1712495,GSE69914,LumA
GSM1712496,GSE69914,LumA
GSM1712497,GSE69914,LumA
GSM1712498,GSE69914,Normal-like
GSM1712499,GSE69914,LumA
GSM1712501,GSE69914,LumA
GSM1712502,GSE69914,LumB
GSM1712505,GSE69914,LumA
GSM1712506,GSE69914,LumA
GSM1712507,GSE69914,LumA
GSM1712508,GSE69914,LumB
GSM1712509,GSE69914,LumA
GSM1712512,GSE69914,LumA
GSM1712513,GSE69914,LumA
GSM1712514,GSE69914,LumB
GSM1712515,GSE69914,Normal-like
GSM1712516,GSE69914,LumA
GSM1712517,GSE69914,LumA
GSM1712518,GSE69914,Basal
GSM1712519,GSE69914,Her2
GSM1712521,GSE69914,LumB
GSM1712522,GSE69914,LumA
GSM1712524,GSE69914,Normal-like
GSM1712525,GSE69914,Basal
GSM1712526,GSE69914,LumA
GSM1712527,GSE69914,LumA
GSM1712529,GSE69914,LumA
GSM1712530,GSE69914,Normal-like
GSM1712531,GSE69914,Basal
GSM1712532,GSE69914,LumA
GSM1712533,GSE69914,LumA
GSM1712534,GSE69914,LumA
GSM1712536,GSE69914,Normal-like
GSM1712537,GSE69914,LumA
GSM1712539,GSE69914,LumB
GSM1712540,GSE69914,LumA
GSM1712542,GSE69914,LumA
GSM1712543,GSE69914,LumB
GSM1712544,GSE69914,LumA
GSM1712545,GSE69914,LumA
GSM1712546,GSE69914,LumA
GSM1712547,GSE69914,Normal-like
GSM1712550,GSE69914,LumA
GSM1712552,GSE69914,LumA
GSM1712553,GSE69914,Basal
GSM1712554,GSE69914,LumA
GSM1712555,GSE69914,LumA
GSM1712556,GSE69914,Normal-like
GSM1712557,GSE69914,LumA
GSM1712559,GSE69914,Normal-like
GSM1712561,GSE69914,LumA
GSM1712562,GSE69914,LumA
GSM1712563,GSE69914,LumB
GSM1712564,GSE69914,LumB
GSM1712567,GSE69914,Basal
GSM1712568,GSE69914,LumA
GSM1712569,GSE69914,LumA
GSM1712570,GSE69914,LumA
GSM1712571,GSE69914,Normal-like
GSM1712573,GSE69914,LumA
GSM1712575,GSE69914,LumB
GSM1712576,GSE69914,Basal
GSM1712577,GSE69914,Her2
GSM1712579,GSE69914,LumA
GSM1712580,GSE69914,LumA
GSM1712582,GSE69914,LumA
GSM1712584,GSE69914,LumA
GSM1712585,GSE69914,LumA
GSM1712586,GSE69914,LumA
GSM1712587,GSE69914,LumA
GSM1712588,GSE69914,LumA
GSM1712589,GSE69914,LumA
GSM1712590,GSE69914,Normal-like
GSM1712591,GSE69914,LumA
GSM1712592,GSE69914,LumB
GSM1712593,GSE69914,LumB
GSM1712594,GSE69914,LumA
GSM1712596,GSE69914,LumB
GSM1712599,GSE69914,Her2
GSM1712600,GSE69914,LumA
GSM1712601,GSE69914,LumA
GSM1712602,GSE69914,LumA
GSM1712603,GSE69914,LumA
GSM1712604,GSE69914,LumA
GSM1712605,GSE69914,LumA
GSM1712607,GSE69914,Basal
GSM1712608,GSE69914,Basal
GSM1712610,GSE69914,Basal
GSM1712611,GSE69914,LumA
GSM1712612,GSE69914,LumA
GSM1712613,GSE69914,LumA
GSM1712614,GSE69914,LumA
GSM1712617,GSE69914,LumA
GSM1712618,GSE69914,LumA
GSM1712619,GSE69914,Normal-like
GSM1712621,GSE69914,LumA
GSM1712622,GSE69914,LumA
GSM1712623,GSE69914,Normal-like
GSM1712624,GSE69914,Her2
GSM1712626,GSE69914,Normal-like
GSM1712627,GSE69914,LumA
GSM1712628,GSE69914,LumA
GSM1712629,GSE69914,Basal
GSM1712630,GSE69914,Basal
GSM1712631,GSE69914,LumA
GSM1712634,GSE69914,LumA
GSM1712635,GSE69914,LumA
GSM1712637,GSE69914,LumA
GSM1712638,GSE69914,Normal-like
GSM1712639,GSE69914,Her2
GSM1712640,GSE69914,LumA
GSM1712641,GSE69914,Normal-like
GSM1712643,GSE69914,Basal
GSM1712645,GSE69914,Normal-like
GSM1712646,GSE69914,LumA
GSM1712647,GSE69914,LumA
GSM1712651,GSE69914,Basal
GSM1712652,GSE69914,Normal-like
GSM1712653,GSE69914,Normal-like
GSM1712654,GSE69914,LumA
GSM1712655,GSE69914,LumA
GSM1712656,GSE69914,LumA
GSM1712657,GSE69914,Normal-like
GSM1712658,GSE69914,LumA
GSM1712659,GSE69914,Normal-like
GSM1712662,GSE69914,LumA
GSM1712663,GSE69914,LumA
GSM1712665,GSE69914,LumA
GSM1712666,GSE69914,LumA
GSM1712667,GSE69914,LumA
GSM1712668,GSE69914,LumA
GSM1712669,GSE69914,Normal-like
GSM1712670,GSE69914,Normal-like
GSM1712671,GSE69914,LumA
GSM1712673,GSE69914,LumA
GSM1712674,GSE69914,Normal-like
GSM1712675,GSE69914,LumB
GSM1712676,GSE69914,LumA
GSM1712677,GSE69914,LumA
GSM1712679,GSE69914,Her2
GSM1712680,GSE69914,LumA
GSM1712681,GSE69914,Her2
GSM1712684,GSE69914,LumA
GSM1712685,GSE69914,Basal
GSM1712686,GSE69914,Basal
GSM1712688,GSE69914,LumA
GSM1712689,GSE69914,LumA
GSM1712690,GSE69914,Basal
GSM1712691,GSE69914,LumA
GSM1712692,GSE69914,Basal
GSM1712694,GSE69914,LumA
GSM1712695,GSE69914,Normal-like
GSM1712696,GSE69914,Her2
GSM1712697,GSE69914,Basal
GSM1712698,GSE69914,LumB
GSM1712699,GSE69914,Basal
GSM1712702,GSE69914,Basal
GSM1712703,GSE69914,LumA
GSM1712704,GSE69914,Her2
GSM1712705,GSE69914,LumB
GSM1712707,GSE69914,LumA
GSM1712709,GSE69914,Normal-like
GSM1712710,GSE69914,LumA
GSM1712711,GSE69914,LumA
GSM1712712,GSE69914,LumA
GSM1712714,GSE69914,LumA
GSM1712715,GSE69914,Her2
GSM1712716,GSE69914,Her2
GSM1712717,GSE69914,LumB
GSM1712718,GSE69914,LumA
GSM1712719,GSE69914,LumB
GSM1712720,GSE69914,Her2
GSM1712722,GSE69914,LumA
GSM1712725,GSE69914,LumA
GSM1712726,GSE69914,LumB
GSM1712728,GSE69914,LumA
GSM1712729,GSE69914,LumA
GSM1712730,GSE69914,LumB
GSM1712731,GSE69914,LumA
GSM1712732,GSE69914,Normal-like
GSM1712734,GSE69914,LumB
GSM1712735,GSE69914,Her2
GSM1712736,GSE69914,LumA
GSM1712738,GSE69914,LumA
GSM1712740,GSE69914,LumA
GSM1712741,GSE69914,LumB
GSM1712742,GSE69914,LumA
GSM1712744,GSE69914,LumB
GSM1712746,GSE69914,Normal-like
GSM1712747,GSE69914,LumA
GSM1712748,GSE69914,Normal-like
GSM1712749,GSE69914,Normal-like
GSM1712750,GSE69914,LumA
GSM1712751,GSE69914,LumB
GSM1712753,GSE69914,Normal-like
GSM1712754,GSE69914,Normal-like
GSM1712756,GSE69914,Her2
GSM1712758,GSE69914,LumA
GSM1712760,GSE69914,Her2
GSM1712766,GSE69914,Her2
GSM1712767,GSE69914,LumB
GSM1712768,GSE69914,Her2
GSM1712769,GSE69914,LumA
GSM1712770,GSE69914,LumA
GSM1712771,GSE69914,LumA
GSM1712773,GSE69914,LumA
GSM1712774,GSE69914,LumB
GSM1712775,GSE69914,LumA
GSM1712778,GSE69914,Normal-like
GSM1712779,GSE69914,Normal-like
GSM1858429,GSE72245,Her2
GSM1858430,GSE72245,Her2
GSM1858431,GSE72245,LumA
GSM1858432,GSE72245,LumB
GSM1858433,GSE72245,Basal
GSM1858434,GSE72245,Basal
GSM1858435,GSE72245,LumA
GSM1858436,GSE72245,LumA
GSM1858437,GSE72245,Her2
GSM1858438,GSE72245,Basal
GSM1858439,GSE72245,LumA
GSM1858440,GSE72245,LumA
GSM1858441,GSE72245,Normal-like
GSM1858442,GSE72245,LumA
GSM1858443,GSE72245,LumB
GSM1858444,GSE72245,LumA
GSM1858445,GSE72245,Basal
GSM1858446,GSE72245,LumA
GSM1858447,GSE72245,LumA
GSM1858448,GSE72245,LumB
GSM1858449,GSE72245,LumA
GSM1858450,GSE72245,LumB
GSM1858451,GSE72245,Basal
GSM1858452,GSE72245,LumA
GSM1858453,GSE72245,LumA
GSM1858454,GSE72245,Her2
GSM1858455,GSE72245,Basal
GSM1858456,GSE72245,LumA
GSM1858457,GSE72245,LumA
GSM1858458,GSE72245,LumA
GSM1858459,GSE72245,LumB
GSM1858460,GSE72245,LumA
GSM1858461,GSE72245,Basal
GSM1858462,GSE72245,Basal
GSM1858463,GSE72245,LumB
GSM1858464,GSE72245,Basal
GSM1858465,GSE72245,Basal
GSM1858466,GSE72245,Her2
GSM1858467,GSE72245,LumA
GSM1858468,GSE72245,Basal
GSM1858469,GSE72245,Her2
GSM1858470,GSE72245,Normal-like
GSM1858471,GSE72245,LumA
GSM1858472,GSE72245,Basal
GSM1858473,GSE72245,LumB
GSM1858474,GSE72245,LumA
GSM1858475,GSE72245,LumA
GSM1858476,GSE72245,Basal
GSM1858477,GSE72245,LumB
GSM1858478,GSE72245,Her2
GSM1858479,GSE72245,LumA
GSM1858480,GSE72245,LumA
GSM1858481,GSE72245,Basal
GSM1858482,GSE72245,Basal
GSM1858483,GSE72245,LumA
GSM1858484,GSE72245,LumA
GSM1858485,GSE72245,LumA
GSM1858486,GSE72245,LumA
GSM1858487,GSE72245,Normal-like
GSM1858488,GSE72245,LumA
GSM1858489,GSE72245,LumA
GSM1858490,GSE72245,LumA
GSM1858491,GSE72245,LumA
GSM1858492,GSE72245,Basal
GSM1858493,GSE72245,LumB
GSM1858494,GSE72245,LumA
GSM1858495,GSE72245,LumA
GSM1858496,GSE72245,LumA
GSM1858497,GSE72245,LumA
GSM1858498,GSE72245,Basal
GSM1858499,GSE72245,Her2
GSM1858500,GSE72245,LumB
GSM1858501,GSE72245,LumA
GSM1858502,GSE72245,Her2
GSM1858503,GSE72245,Normal-like
GSM1858504,GSE72245,Basal
GSM1858505,GSE72245,Her2
GSM1858506,GSE72245,Her2
GSM1858507,GSE72245,LumA
GSM1858508,GSE72245,Her2
GSM1858509,GSE72245,LumB
GSM1858510,GSE72245,Basal
GSM1858511,GSE72245,LumB
GSM1858512,GSE72245,LumA
GSM1858513,GSE72245,Basal
GSM1858514,GSE72245,LumA
GSM1858515,GSE72245,Her2
GSM1858516,GSE72245,LumA
GSM1858517,GSE72245,LumB
GSM1858518,GSE72245,Basal
GSM1858519,GSE72245,LumA
GSM1858520,GSE72245,LumA
GSM1858521,GSE72245,LumA
GSM1858522,GSE72245,LumA
GSM1858523,GSE72245,Basal
GSM1858524,GSE72245,LumA
GSM1858525,GSE72245,LumA
GSM1858526,GSE72245,LumB
GSM1858527,GSE72245,LumA
GSM1858528,GSE72245,LumA
GSM1858529,GSE72245,Her2
GSM1858530,GSE72245,LumA
GSM1858531,GSE72245,LumA
GSM1858532,GSE72245,Basal
GSM1858533,GSE72245,Her2
GSM1858534,GSE72245,LumB
GSM1858535,GSE72245,Basal
GSM1858536,GSE72245,Basal
GSM1858537,GSE72245,Her2
GSM1858538,GSE72245,LumB
GSM1858539,GSE72245,LumA
GSM1858540,GSE72245,Her2
GSM1858541,GSE72245,Her2
GSM1858542,GSE72245,LumA
GSM1858543,GSE72245,Basal
GSM1858544,GSE72245,LumA
GSM1858545,GSE72245,LumA
GSM1858546,GSE72245,LumA
GSM1941862,GSE75067,Basal
GSM1941863,GSE75067,LumA
GSM1941864,GSE75067,Basal
GSM1941865,GSE75067,Normal-like
GSM1941866,GSE75067,LumA
GSM1941867,GSE75067,LumA
GSM1941868,GSE75067,LumA
GSM1941869,GSE75067,LumA
GSM1941870,GSE75067,LumA
GSM1941871,GSE75067,LumA
GSM1941872,GSE75067,Basal
GSM1941873,GSE75067,Normal-like
GSM1941874,GSE75067,LumA
GSM1941875,GSE75067,Basal
GSM1941876,GSE75067,Basal
GSM1941877,GSE75067,Her2
GSM1941878,GSE75067,Basal
GSM1941879,GSE75067,LumA
GSM1941880,GSE75067,Basal
GSM1941881,GSE75067,Basal
GSM1941882,GSE75067,Basal
GSM1941883,GSE75067,Basal
GSM1941884,GSE75067,LumA
GSM1941885,GSE75067,Her2
GSM1941886,GSE75067,LumA
GSM1941887,GSE75067,Basal
GSM1941888,GSE75067,Basal
GSM1941889,GSE75067,LumA
GSM1941890,GSE75067,LumA
GSM1941891,GSE75067,LumA
GSM1941892,GSE75067,LumA
GSM1941893,GSE75067,Normal-like
GSM1941894,GSE75067,Basal
GSM1941895,GSE75067,Basal
GSM1941896,GSE75067,LumA
GSM1941897,GSE75067,Her2
GSM1941898,GSE75067,Normal-like
GSM1941899,GSE75067,Basal
GSM1941900,GSE75067,Basal
GSM1941901,GSE75067,LumA
GSM1941902,GSE75067,Her2
GSM1941903,GSE75067,LumA
GSM1941904,GSE75067,LumA
GSM1941905,GSE75067,LumA
GSM1941906,GSE75067,LumA
GSM1941907,GSE75067,Normal-like
GSM1941908,GSE75067,Basal
GSM1941909,GSE75067,LumA
GSM1941910,GSE75067,LumA
GSM1941911,GSE75067,LumB
GSM1941912,GSE75067,LumA
GSM1941913,GSE75067,Her2
GSM1941914,GSE75067,LumB
GSM1941915,GSE75067,Her2
GSM1941916,GSE75067,Her2
GSM1941917,GSE75067,Her2
GSM1941918,GSE75067,LumB
GSM1941919,GSE75067,LumA
GSM1941920,GSE75067,LumA
GSM1941921,GSE75067,Normal-like
GSM1941922,GSE75067,LumA
GSM1941923,GSE75067,LumA
GSM1941924,GSE75067,Basal
GSM1941925,GSE75067,LumA
GSM1941926,GSE75067,Basal
GSM1941927,GSE75067,LumB
GSM1941928,GSE75067,LumA
GSM1941929,GSE75067,Her2
GSM1941930,GSE75067,Her2
GSM1941931,GSE75067,LumB
GSM1941932,GSE75067,Basal
GSM1941933,GSE75067,LumA
GSM1941934,GSE75067,Her2
GSM1941935,GSE75067,LumA
GSM1941936,GSE75067,LumA
GSM1941937,GSE75067,Basal
GSM1941938,GSE75067,LumA
GSM1941939,GSE75067,Basal
GSM1941940,GSE75067,LumA
GSM1941941,GSE75067,Basal
GSM1941942,GSE75067,LumA
GSM1941943,GSE75067,Her2
GSM1941944,GSE75067,LumB
GSM1941945,GSE75067,Basal
GSM1941946,GSE75067,Her2
GSM1941947,GSE75067,Basal
GSM1941948,GSE75067,LumA
GSM1941949,GSE75067,LumB
GSM1941950,GSE75067,LumA
GSM1941951,GSE75067,Normal-like
GSM1941952,GSE75067,LumA
GSM1941953,GSE75067,Her2
GSM1941954,GSE75067,LumA
GSM1941955,GSE75067,LumA
GSM1941956,GSE75067,Basal
GSM1941957,GSE75067,LumA
GSM1941958,GSE75067,LumA
GSM1941959,GSE75067,Basal
GSM1941960,GSE75067,Basal
GSM1941961,GSE75067,LumA
GSM1941962,GSE75067,LumA
GSM1941963,GSE75067,Her2
GSM1941964,GSE75067,LumA
GSM1941965,GSE75067,LumB
GSM1941966,GSE75067,LumA
GSM1941967,GSE75067,Basal
GSM1941968,GSE75067,Her2
GSM1941969,GSE75067,Her2
GSM1941970,GSE75067,Normal-like
GSM1941971,GSE75067,Her2
GSM1941972,GSE75067,Her2
GSM1941973,GSE75067,Basal
GSM1941974,GSE75067,LumA
GSM1941975,GSE75067,LumA
GSM1941976,GSE75067,LumA
GSM1941977,GSE75067,LumA
GSM1941978,GSE75067,LumA
GSM1941979,GSE75067,Basal
GSM1941980,GSE75067,Her2
GSM1941981,GSE75067,Basal
GSM1941982,GSE75067,LumA
GSM1941983,GSE75067,Her2
GSM1941984,GSE75067,LumB
GSM1941985,GSE75067,LumB
GSM1941986,GSE75067,Basal
GSM1941987,GSE75067,Basal
GSM1941988,GSE75067,LumA
GSM1941989,GSE75067,LumA
GSM1941990,GSE75067,LumA
GSM1941991,GSE75067,LumA
GSM1941992,GSE75067,Basal
GSM1941993,GSE75067,LumA
GSM1941994,GSE75067,LumA
GSM1941995,GSE75067,LumA
GSM1941996,GSE75067,Her2
GSM1941997,GSE75067,LumA
GSM1941998,GSE75067,Basal
GSM1941999,GSE75067,LumA
GSM1942000,GSE75067,LumA
GSM1942001,GSE75067,Basal
GSM1942002,GSE75067,Normal-like
GSM1942003,GSE75067,Basal
GSM1942004,GSE75067,LumA
GSM1942005,GSE75067,LumB
GSM1942006,GSE75067,Basal
GSM1942007,GSE75067,Basal
GSM1942008,GSE75067,LumA
GSM1942009,GSE75067,LumA
GSM1942010,GSE75067,LumA
GSM1942011,GSE75067,Basal
GSM1942012,GSE75067,Basal
GSM1942013,GSE75067,LumA
GSM1942014,GSE75067,Basal
GSM1942015,GSE75067,LumB
GSM1942016,GSE75067,Normal-like
GSM1942017,GSE75067,LumA
GSM1942018,GSE75067,LumA
GSM1942019,GSE75067,LumA
GSM1942020,GSE75067,LumA
GSM1942021,GSE75067,Basal
GSM1942022,GSE75067,LumA
GSM1942023,GSE75067,Her2
GSM1942024,GSE75067,LumA
GSM1942025,GSE75067,LumB
GSM1942026,GSE75067,LumA
GSM1942027,GSE75067,Her2
GSM1942028,GSE75067,LumA
GSM1942029,GSE75067,LumA
GSM1942030,GSE75067,LumA
GSM1942031,GSE75067,LumA
GSM1942032,GSE75067,LumA
GSM1942033,GSE75067,LumA
GSM1942034,GSE75067,Basal
GSM1942035,GSE75067,Basal
GSM1942036,GSE75067,LumB
GSM1942037,GSE75067,LumB
GSM1942038,GSE75067,LumB
GSM1942039,GSE75067,LumB
GSM1942040,GSE75067,Her2
GSM1942041,GSE75067,Basal
GSM1942042,GSE75067,LumA
GSM1942043,GSE75067,Normal-like
GSM1942044,GSE75067,LumA
GSM1942045,GSE75067,LumA
GSM1942046,GSE75067,LumA
GSM1942047,GSE75067,LumA
GSM1942048,GSE75067,LumB
GSM1942049,GSE75067,LumB
