,1437,54,130,260,1129,1157,546,1272,237,611,88,2712,705,2688,191,398,304,76,2534,1057,600,134,160,41,14,2537,1571,917,2337,2693
1437,1.0,0.9250200580833764,-0.830871713123507,-0.8204894241785005,-0.8112562477961107,-0.8293604097904351,-0.816746475409005,0.924190166601878,0.9003014302521034,-0.8153509855577633,-0.8014885826903427,-0.7811066256741522,-0.7686976960390337,0.9068166790480282,0.903342120419608,-0.7440282325596059,0.8761373596437613,-0.773218108202961,-0.7794801050339435,-0.7620618973634435,0.8751015750786179,0.8566648042543552,-0.7439714296785193,-0.7425444829750377,-0.7430140441998634,0.8397096997794131,-0.7713968745082697,0.8475109296937269,0.8518122549507738,-0.6760321284872838
54,0.9250200580833764,1.0,-0.7730195064426828,-0.7703052592384886,-0.7489753607434316,-0.7644002033168197,-0.7513310831615011,0.8862093854192142,0.8843987762242861,-0.7286655531079856,-0.7413079439731934,-0.7042081629767709,-0.7363608852305427,0.8293225499521619,0.8351899820272352,-0.6731539306690977,0.840824786166318,-0.6734571108388091,-0.6826702187216463,-0.6687578182082816,0.8687068067211835,0.768143138816103,-0.6556620459120049,-0.6873964545280438,-0.7336922608782726,0.8373750874785201,-0.7085730963500468,0.876450955989711,0.7915206492360984,-0.626662786293812
130,-0.830871713123507,-0.7730195064426828,1.0,0.9539337661740649,0.9614754249765185,0.9438347788874035,0.9425779813978203,-0.8228784089193578,-0.8098239541221601,0.9410284710206006,0.9316726615232978,0.9273852939424102,0.8845173123098787,-0.8425896336269723,-0.819175249943093,0.9126348078889064,-0.7822621962660369,0.9089845630879324,0.89054313970495,0.8922368099613087,-0.742404489566394,-0.8096556287141481,0.872061093234638,0.8997084026182656,0.86735770357479,-0.7355911992477021,0.8568802107789647,-0.6644111478640103,-0.7403609746707759,0.8244121561498702
260,-0.8204894241785005,-0.7703052592384886,0.9539337661740649,1.0,0.9597650193970034,0.9339833328330677,0.9237774082581389,-0.8127983974087887,-0.8287013292013057,0.9279103386659989,0.9188822915143301,0.8983249260902855,0.9347168237495485,-0.8160419252482418,-0.8106943992498131,0.9214725862212876,-0.7296984905849572,0.8757000191240996,0.8466015280669424,0.8391740305560613,-0.727877118007916,-0.7952872080050676,0.8198140393112047,0.9047563593880789,0.8899880963937948,-0.7020586808482212,0.8721562276442818,-0.6341883347436836,-0.7344652800375093,0.8729356353916115
1129,-0.8112562477961107,-0.7489753607434316,0.9614754249765185,0.9597650193970034,1.0,0.9343298443019462,0.9282526142171917,-0.8062729407601503,-0.8064014763749318,0.9467643815103706,0.9201632728681247,0.9313462880011621,0.9137738514811594,-0.830848519771083,-0.8192935777051609,0.9445246258544215,-0.7341839043967235,0.9161776271922752,0.8808660258912809,0.8881672099049781,-0.7214069365345159,-0.8158863770164155,0.8668534217625031,0.9138596113321886,0.8565132836106745,-0.6904343670485514,0.8742616146267558,-0.6255816566414443,-0.740206815262448,0.878482040915018
1157,-0.8293604097904351,-0.7644002033168197,0.9438347788874035,0.9339833328330677,0.9343298443019462,1.0,0.9595651843539101,-0.8077318791471465,-0.7845354014674761,0.9264505970908211,0.9447678946916233,0.9363203408950667,0.8606824772535446,-0.837425620471231,-0.804893783558208,0.8847038119438512,-0.7851900928760107,0.9011295319069272,0.9003463396019679,0.9022104185339472,-0.7231210697704836,-0.7976507911233554,0.888993505878569,0.883436163273635,0.8569461253308027,-0.7380729702114195,0.8315527718825596,-0.6521472921647734,-0.7169921221242522,0.792523497722182
546,-0.816746475409005,-0.7513310831615011,0.9425779813978203,0.9237774082581389,0.9282526142171917,0.9595651843539101,1.0,-0.7931070328772021,-0.7563047378741473,0.925216576608407,0.9550707265310703,0.9478911340146624,0.8396285924871038,-0.8295514975058813,-0.7861469439147241,0.8773038325001087,-0.7955594868519384,0.9092796880813528,0.9195810780575748,0.9169472437339409,-0.7158341433646388,-0.7814507066958931,0.90402097734565,0.8870349715478674,0.8538099386709431,-0.7453456010890598,0.8203433893876385,-0.6525760800984509,-0.6900934108796822,0.7619623881597797
1272,0.924190166601878,0.8862093854192142,-0.8228784089193578,-0.8127983974087887,-0.8062729407601503,-0.8077318791471465,-0.7931070328772021,1.0,0.9221944966757815,-0.8425342195693841,-0.7661139288025188,-0.7702918570917286,-0.7768568257688978,0.9426592970136545,0.9387183714544551,-0.7719431682313846,0.8583990975980437,-0.7998447711975784,-0.7910165757473363,-0.7663890547375617,0.8935346655206096,0.9177118605110121,-0.7386005020041417,-0.7566510410134856,-0.6877685897844532,0.79363277201254,-0.7919936825196703,0.8103302497285197,0.9143544491446861,-0.7266316905356818
237,0.9003014302521034,0.8843987762242861,-0.8098239541221601,-0.8287013292013057,-0.8064014763749318,-0.7845354014674761,-0.7563047378741473,0.9221944966757815,1.0,-0.8122910601848052,-0.7520642430863325,-0.7230927599381085,-0.8211636979869975,0.8817770246650887,0.9170645298783849,-0.7683394490176088,0.7941726771475621,-0.7265161404206107,-0.7007583948477981,-0.6762178141890264,0.8472462893760975,0.8599744400923346,-0.651513005151563,-0.7496079004058004,-0.731257792167841,0.7424586536828336,-0.8114975558789662,0.7752709282160187,0.8806970060715197,-0.7644963660738752
611,-0.8153509855577633,-0.7286655531079856,0.9410284710206006,0.9279103386659989,0.9467643815103706,0.9264505970908211,0.925216576608407,-0.8425342195693841,-0.8122910601848052,1.0,0.903155879188466,0.9082877208975855,0.8772063370905175,-0.8820109025422275,-0.8646565807526563,0.9234188834720143,-0.7440483010591584,0.9410361095498421,0.9054375773140682,0.8927797010668526,-0.7318043636556557,-0.8768949628621653,0.862400992508825,0.9052846678468889,0.7759035373195623,-0.6630216993949868,0.9031787947761905,-0.6339513320136733,-0.8135855131265347,0.862446545919574
88,-0.8014885826903427,-0.7413079439731934,0.9316726615232978,0.9188822915143301,0.9201632728681247,0.9447678946916233,0.9550707265310703,-0.7661139288025188,-0.7520642430863325,0.903155879188466,1.0,0.9420984900849807,0.8302853518424619,-0.7960322423708106,-0.7662732962989659,0.8511331897012071,-0.8025011044618872,0.883646658858701,0.878405030652029,0.9081372418715286,-0.6860700586458499,-0.737317854062149,0.8992601598341411,0.8704687376524911,0.886094113068843,-0.7628886639920703,0.8108359203643051,-0.6289174718023693,-0.6575039036356483,0.7530180870650673
2712,-0.7811066256741522,-0.7042081629767709,0.9273852939424102,0.8983249260902855,0.9313462880011621,0.9363203408950667,0.9478911340146624,-0.7702918570917286,-0.7230927599381085,0.9082877208975855,0.9420984900849807,1.0,0.8027488705740105,-0.8210184270490598,-0.7696243885183739,0.8893696532899353,-0.783284787007945,0.9473706029674436,0.9375593288038244,0.9668103126811113,-0.7007456176716124,-0.7928612805591515,0.9644193835873561,0.8668055073518066,0.8216888121517611,-0.7277274722759581,0.7918879930514383,-0.6093970714434418,-0.6747650353684737,0.7539507514854509
705,-0.7686976960390337,-0.7363608852305427,0.8845173123098787,0.9347168237495485,0.9137738514811594,0.8606824772535446,0.8396285924871038,-0.7768568257688978,-0.8211636979869975,0.8772063370905175,0.8302853518424619,0.8027488705740105,1.0,-0.7611084700317582,-0.7921157601051839,0.8972736561431344,-0.6179314612825868,0.7916253665278815,0.7381502454259445,0.7303764447757252,-0.6734311398393881,-0.7589355167860846,0.7037291577521558,0.8778373490470379,0.8321689437122336,-0.5927793816374479,0.8811200417091473,-0.5800522030976597,-0.7357352202444912,0.9121071244006705
2688,0.9068166790480282,0.8293225499521619,-0.8425896336269723,-0.8160419252482418,-0.830848519771083,-0.837425620471231,-0.8295514975058813,0.9426592970136545,0.8817770246650887,-0.8820109025422275,-0.7960322423708106,-0.8210184270490598,-0.7611084700317582,1.0,0.9555431348440677,-0.8030493425379,0.8606607272240931,-0.8650232301562468,-0.8547713517377445,-0.8312011420573392,0.8495882624415323,0.9602611765918243,-0.8043328237739917,-0.7796466249714076,-0.6604715416871344,0.7705057359104898,-0.8011254053454984,0.762737698877789,0.921570706601453,-0.7186534550664906
191,0.903342120419608,0.8351899820272352,-0.819175249943093,-0.8106943992498131,-0.8192935777051609,-0.804893783558208,-0.7861469439147241,0.9387183714544551,0.9170645298783849,-0.8646565807526563,-0.7662732962989659,-0.7696243885183739,-0.7921157601051839,0.9555431348440677,1.0,-0.7974739800445507,0.8107548130719956,-0.8048930751732661,-0.7781674585043843,-0.7580509750999224,0.8207935765246609,0.9417040642114212,-0.7277653177162908,-0.7734108769045458,-0.664174145134,0.7198566623043721,-0.8338293516458044,0.7348706081755317,0.9329200333484299,-0.7647976018906888
398,-0.7440282325596059,-0.6731539306690977,0.9126348078889064,0.9214725862212876,0.9445246258544215,0.8847038119438512,0.8773038325001087,-0.7719431682313846,-0.7683394490176088,0.9234188834720143,0.8511331897012071,0.8893696532899353,0.8972736561431344,-0.8030493425379,-0.7974739800445507,1.0,-0.6435616434170669,0.8986190094660821,0.8574504617074279,0.8494144511807014,-0.6669697079540283,-0.8165349575901912,0.8234489376125207,0.8961467647564927,0.7737421113089259,-0.5815398413880235,0.8585285359480991,-0.547671088819568,-0.7321686520592989,0.9123026707492522
304,0.8761373596437613,0.840824786166318,-0.7822621962660369,-0.7296984905849572,-0.7341839043967235,-0.7851900928760107,-0.7955594868519384,0.8583990975980437,0.7941726771475621,-0.7440483010591584,-0.8025011044618872,-0.783284787007945,-0.6179314612825868,0.8606607272240931,0.8107548130719956,-0.6435616434170669,1.0,-0.7521754184073833,-0.7850850494678098,-0.7940728207380235,0.8140341031165338,0.773466082638609,-0.7861329167973897,-0.6689182273223525,-0.7239479280072786,0.9367884623210102,-0.6408628815948805,0.801474000043609,0.729527665294648,-0.5113852972755866
76,-0.773218108202961,-0.6734571108388091,0.9089845630879324,0.8757000191240996,0.9161776271922752,0.9011295319069272,0.9092796880813528,-0.7998447711975784,-0.7265161404206107,0.9410361095498421,0.883646658858701,0.9473706029674436,0.7916253665278815,-0.8650232301562468,-0.8048930751732661,0.8986190094660821,-0.7521754184073833,1.0,0.9560234594510064,0.9668763512384625,-0.7173459471838757,-0.8675544304233453,0.947242206235012,0.8549797447036869,0.7263237189249007,-0.6724768097724287,0.8096626422728153,-0.6037685864512768,-0.7510274863447401,0.7749603872817655
2534,-0.7794801050339435,-0.6826702187216463,0.89054313970495,0.8466015280669424,0.8808660258912809,0.9003463396019679,0.9195810780575748,-0.7910165757473363,-0.7007583948477981,0.9054375773140682,0.878405030652029,0.9375593288038244,0.7381502454259445,-0.8547713517377445,-0.7781674585043843,0.8574504617074279,-0.7850850494678098,0.9560234594510064,1.0,0.9603551305014945,-0.7198187474228644,-0.8366840089056918,0.9456236713299193,0.8252043410733856,0.7208963355753111,-0.7075320342556094,0.7569706093004788,-0.6237860467402994,-0.7125629084963916,0.6989344529472848
1057,-0.7620618973634435,-0.6687578182082816,0.8922368099613087,0.8391740305560613,0.8881672099049781,0.9022104185339472,0.9169472437339409,-0.7663890547375617,-0.6762178141890264,0.8927797010668526,0.9081372418715286,0.9668103126811113,0.7303764447757252,-0.8312011420573392,-0.7580509750999224,0.8494144511807014,-0.7940728207380235,0.9668763512384625,0.9603551305014945,1.0,-0.6964240850326631,-0.8080449406618216,0.9847951603389785,0.8198274414579647,0.7439407366792036,-0.7243283962046787,0.7466122081196455,-0.6050646365400296,-0.6784322932573036,0.6892413676633836
600,0.8751015750786179,0.8687068067211835,-0.742404489566394,-0.727877118007916,-0.7214069365345159,-0.7231210697704836,-0.7158341433646388,0.8935346655206096,0.8472462893760975,-0.7318043636556557,-0.6860700586458499,-0.7007456176716124,-0.6734311398393881,0.8495882624415323,0.8207935765246609,-0.6669697079540283,0.8140341031165338,-0.7173459471838757,-0.7198187474228644,-0.6964240850326631,1.0,0.8173315173077268,-0.6799451386941643,-0.6468396140792816,-0.6344778350019353,0.8056399150095572,-0.6754775712643529,0.831842570190098,0.8231695063246328,-0.5952583621410048
134,0.8566648042543552,0.768143138816103,-0.8096556287141481,-0.7952872080050676,-0.8158863770164155,-0.7976507911233554,-0.7814507066958931,0.9177118605110121,0.8599744400923346,-0.8768949628621653,-0.737317854062149,-0.7928612805591515,-0.7589355167860846,0.9602611765918243,0.9417040642114212,-0.8165349575901912,0.773466082638609,-0.8675544304233453,-0.8366840089056918,-0.8080449406618216,0.8173315173077268,1.0,-0.7767826625940807,-0.7650796025020489,-0.5967496808136394,0.6728024194416402,-0.8031475323592403,0.6958660557509861,0.9271921780349509,-0.7501875258928781
160,-0.7439714296785193,-0.6556620459120049,0.872061093234638,0.8198140393112047,0.8668534217625031,0.888993505878569,0.90402097734565,-0.7386005020041417,-0.651513005151563,0.862400992508825,0.8992601598341411,0.9644193835873561,0.7037291577521558,-0.8043328237739917,-0.7277653177162908,0.8234489376125207,-0.7861329167973897,0.947242206235012,0.9456236713299193,0.9847951603389785,-0.6799451386941643,-0.7767826625940807,1.0,0.7963260479819075,0.7401165417350488,-0.7204974654665565,0.714966128678108,-0.5914165291384197,-0.6450376155900438,0.6574219630492397
41,-0.7425444829750377,-0.6873964545280438,0.8997084026182656,0.9047563593880789,0.9138596113321886,0.883436163273635,0.8870349715478674,-0.7566510410134856,-0.7496079004058004,0.9052846678468889,0.8704687376524911,0.8668055073518066,0.8778373490470379,-0.7796466249714076,-0.7734108769045458,0.8961467647564927,-0.6689182273223525,0.8549797447036869,0.8252043410733856,0.8198274414579647,-0.6468396140792816,-0.7650796025020489,0.7963260479819075,1.0,0.7932545953739123,-0.6144726658008741,0.8404676502036919,-0.5723758978570315,-0.6946632651601543,0.8415750980613552
14,-0.7430140441998634,-0.7336922608782726,0.86735770357479,0.8899880963937948,0.8565132836106745,0.8569461253308027,0.8538099386709431,-0.6877685897844532,-0.731257792167841,0.7759035373195623,0.886094113068843,0.8216888121517611,0.8321689437122336,-0.6604715416871344,-0.664174145134,0.7737421113089259,-0.7239479280072786,0.7263237189249007,0.7208963355753111,0.7439407366792036,-0.6344778350019353,-0.5967496808136394,0.7401165417350488,0.7932545953739123,1.0,-0.740540063460901,0.7393861594572144,-0.5849700271056683,-0.5457210417453956,0.7154371481676071
2537,0.8397096997794131,0.8373750874785201,-0.7355911992477021,-0.7020586808482212,-0.6904343670485514,-0.7380729702114195,-0.7453456010890598,0.79363277201254,0.7424586536828336,-0.6630216993949868,-0.7628886639920703,-0.7277274722759581,-0.5927793816374479,0.7705057359104898,0.7198566623043721,-0.5815398413880235,0.9367884623210102,-0.6724768097724287,-0.7075320342556094,-0.7243283962046787,0.8056399150095572,0.6728024194416402,-0.7204974654665565,-0.6144726658008741,-0.740540063460901,1.0,-0.5697250504455416,0.8168357073187804,0.6533923611096644,-0.4629320925028669
1571,-0.7713968745082697,-0.7085730963500468,0.8568802107789647,0.8721562276442818,0.8742616146267558,0.8315527718825596,0.8203433893876385,-0.7919936825196703,-0.8114975558789662,0.9031787947761905,0.8108359203643051,0.7918879930514383,0.8811200417091473,-0.8011254053454984,-0.8338293516458044,0.8585285359480991,-0.6408628815948805,0.8096626422728153,0.7569706093004788,0.7466122081196455,-0.6754775712643529,-0.8031475323592403,0.714966128678108,0.8404676502036919,0.7393861594572144,-0.5697250504455416,1.0,-0.5849655134292983,-0.8008681257924106,0.8769899583894591
917,0.8475109296937269,0.876450955989711,-0.6644111478640103,-0.6341883347436836,-0.6255816566414443,-0.6521472921647734,-0.6525760800984509,0.8103302497285197,0.7752709282160187,-0.6339513320136733,-0.6289174718023693,-0.6093970714434418,-0.5800522030976597,0.762737698877789,0.7348706081755317,-0.547671088819568,0.801474000043609,-0.6037685864512768,-0.6237860467402994,-0.6050646365400296,0.831842570190098,0.6958660557509861,-0.5914165291384197,-0.5723758978570315,-0.5849700271056683,0.8168357073187804,-0.5849655134292983,1.0,0.7333796367087716,-0.4850391071864811
2337,0.8518122549507738,0.7915206492360984,-0.7403609746707759,-0.7344652800375093,-0.740206815262448,-0.7169921221242522,-0.6900934108796822,0.9143544491446861,0.8806970060715197,-0.8135855131265347,-0.6575039036356483,-0.6747650353684737,-0.7357352202444912,0.921570706601453,0.9329200333484299,-0.7321686520592989,0.729527665294648,-0.7510274863447401,-0.7125629084963916,-0.6784322932573036,0.8231695063246328,0.9271921780349509,-0.6450376155900438,-0.6946632651601543,-0.5457210417453956,0.6533923611096644,-0.8008681257924106,0.7333796367087716,1.0,-0.7339804417542007
2693,-0.6760321284872838,-0.626662786293812,0.8244121561498702,0.8729356353916115,0.878482040915018,0.792523497722182,0.7619623881597797,-0.7266316905356818,-0.7644963660738752,0.862446545919574,0.7530180870650673,0.7539507514854509,0.9121071244006705,-0.7186534550664906,-0.7647976018906888,0.9123026707492522,-0.5113852972755866,0.7749603872817655,0.6989344529472848,0.6892413676633836,-0.5952583621410048,-0.7501875258928781,0.6574219630492397,0.8415750980613552,0.7154371481676071,-0.4629320925028669,0.8769899583894591,-0.4850391071864811,-0.7339804417542007,1.0
