,Cluster
TCGA-A2-A0YK-01A-22D-A10A-05,Cluster 1
TCGA-BH-A208-01A-11D-A161-05,Cluster 2
TCGA-LL-A441-01A-11D-A244-05,Cluster 1
TCGA-AO-A0JB-01A-11D-A10P-05,Cluster 3
TCGA-AC-A2FK-01A-12D-A17Z-05,Cluster 1
TCGA-C8-A8HR-01A-11D-A36K-05,Cluster 1
TCGA-LD-A9QF-01A-32D-A41Q-05,Cluster 1
TCGA-EW-A1P1-01A-31D-A14H-05,Cluster 1
TCGA-BH-A28O-01A-11D-A22B-05,Cluster 1
TCGA-A2-A1G6-01A-11D-A13K-05,Cluster 2
TCGA-E2-A108-01A-13D-A10N-05,Cluster 1
TCGA-BH-A1FU-01A-11D-A14H-05,Cluster 1
TCGA-A2-A4RY-01A-31D-A268-05,Cluster 1
TCGA-OL-A5D6-01A-21D-A27Y-05,Cluster 1
TCGA-EW-A1PG-01A-11D-A145-05,Cluster 1
TCGA-AR-A1AO-01A-11D-A12R-05,Cluster 1
TCGA-BH-A6R9-01A-21D-A32T-05,Cluster 1
TCGA-A2-A25A-01A-12D-A16G-05,Cluster 1
TCGA-A1-A0SB-01A-11D-A145-05,Cluster 2
TCGA-OL-A5RY-01A-21D-A28C-05,Cluster 1
TCGA-BH-A42U-01A-12D-A244-05,Cluster 1
TCGA-AR-A2LQ-01A-22D-A18O-05,Cluster 1
TCGA-OL-A97C-01A-32D-A41Q-05,Cluster 2
TCGA-AO-A03U-01B-21D-A10N-05,Cluster 2
TCGA-A2-A3XW-01A-11D-A23D-05,Cluster 1
TCGA-AO-A1KO-01A-31D-A13K-05,Cluster 2
TCGA-PL-A8LY-01A-11D-A41Q-05,Cluster 2
TCGA-BH-A8FZ-01A-11D-A357-05,Cluster 1
TCGA-LL-A73Z-01A-11D-A32T-05,Cluster 1
TCGA-D8-A1XW-01A-11D-A14N-05,Cluster 2
TCGA-AR-A2LH-01A-31D-A18O-05,Cluster 1
TCGA-AC-A3YI-01A-21D-A23D-05,Cluster 1
TCGA-GM-A2DD-01A-11D-A17Z-05,Cluster 1
TCGA-EW-A1P7-01A-21D-A145-05,Cluster 1
TCGA-A8-A08H-01A-21D-A00Y-05,Cluster 1
TCGA-A2-A0CL-01A-11D-A112-05,Cluster 1
TCGA-AO-A03T-01A-21D-A032-05,Cluster 3
TCGA-B6-A0RQ-01A-11D-A112-05,Cluster 3
TCGA-AO-A03R-01A-21D-A032-05,Cluster 4
TCGA-A2-A0CZ-01A-11D-A032-05,Cluster 1
TCGA-E2-A1IH-01A-11D-A13K-05,Cluster 1
TCGA-AO-A0JI-01A-21D-A10P-05,Cluster 5
TCGA-LL-A740-01A-21D-A32T-05,Cluster 5
TCGA-BH-A1EO-01A-11D-A138-05,Cluster 5
TCGA-D8-A27G-01A-11D-A16G-05,Cluster 5
TCGA-D8-A73U-01A-11D-A33F-05,Cluster 1
TCGA-E9-A3X8-01A-31D-A230-05,Cluster 1
TCGA-AC-A3HN-01A-11D-A212-05,Cluster 1
TCGA-GM-A2DK-01A-21D-A17Z-05,Cluster 1
TCGA-AO-A0JG-01A-31D-A10P-05,Cluster 3
TCGA-AR-A5QM-01A-11D-A27Y-05,Cluster 5
TCGA-A2-A0EU-01A-22D-A10P-05,Cluster 3
TCGA-BH-A0GZ-01A-11D-A10P-05,Cluster 5
TCGA-AC-A3TN-01A-11D-A22B-05,Cluster 5
TCGA-D8-A1JN-01A-11D-A13K-05,Cluster 5
TCGA-BH-A2L8-01A-11D-A18O-05,Cluster 1
TCGA-OL-A6VQ-01A-12D-A41Q-05,Cluster 1
TCGA-B6-A401-01A-11D-A23D-05,Cluster 1
TCGA-BH-A1EY-01A-11D-A13K-05,Cluster 1
TCGA-AN-A0XT-01A-11D-A10A-05,Cluster 3
TCGA-BH-A0BJ-01A-11D-A10P-05,Cluster 1
TCGA-E2-A3DX-01A-21D-A212-05,Cluster 1
TCGA-MS-A51U-01A-31D-A268-05,Cluster 1
TCGA-E2-A1BC-01A-11D-A12R-05,Cluster 3
TCGA-BH-A0W5-01A-11D-A10A-05,Cluster 1
TCGA-AC-A6NO-01A-12D-A33F-05,Cluster 3
TCGA-GM-A2DI-01A-31D-A18O-05,Cluster 1
TCGA-BH-A1FL-01A-11D-A13K-05,Cluster 3
TCGA-D8-A1JB-01A-11D-A13K-05,Cluster 1
TCGA-BH-A0DI-01A-21D-A12R-05,Cluster 1
TCGA-BH-A1FE-01A-11D-A13K-05,Cluster 1
TCGA-A7-A26E-01B-06D-A27B-05,Cluster 5
TCGA-BH-AB28-01A-31D-A41Q-05,Cluster 5
TCGA-D8-A27V-01A-12D-A17F-05,Cluster 4
TCGA-A7-A4SB-01A-21D-A268-05,Cluster 3
TCGA-A7-A26E-01A-11D-A16A-05,Cluster 5
TCGA-BH-A0DK-01A-21D-A10P-05,Cluster 5
TCGA-D8-A1XD-01A-11D-A14H-05,Cluster 5
TCGA-BH-A0DP-01A-21D-A10P-05,Cluster 5
TCGA-E2-A1L8-01A-11D-A13K-05,Cluster 4
TCGA-BH-A8G0-01A-11D-A357-05,Cluster 1
TCGA-BH-A1EX-01A-11D-A13K-05,Cluster 3
TCGA-EW-A1J3-01A-11D-A13K-05,Cluster 3
TCGA-E9-A1NH-01A-11D-A14H-05,Cluster 3
TCGA-A2-A0EN-01A-13D-A10P-05,Cluster 1
TCGA-BH-A0E2-01A-11D-A10P-05,Cluster 5
TCGA-D8-A1Y0-01A-11D-A14N-05,Cluster 1
TCGA-AR-A2LO-01A-31D-A18O-05,Cluster 1
TCGA-A7-A26J-01A-11D-A16A-05,Cluster 5
TCGA-B6-A40C-01A-11D-A23D-05,Cluster 5
TCGA-AO-A03M-01B-11D-A10N-05,Cluster 1
TCGA-B6-A0RV-01A-11D-A10P-05,Cluster 1
TCGA-BH-A42V-01A-11D-A244-05,Cluster 1
TCGA-AO-A12E-01A-11D-A10N-05,Cluster 5
TCGA-E2-A2P6-01A-11D-A19Z-05,Cluster 5
TCGA-A2-A1G0-01A-11D-A13K-05,Cluster 3
TCGA-5L-AAT1-01A-12D-A41Q-05,Cluster 5
TCGA-C8-A1HO-01A-11D-A13K-05,Cluster 5
TCGA-LD-A66U-01A-11D-A31V-05,Cluster 3
TCGA-E9-A1R6-01A-11D-A14H-05,Cluster 5
TCGA-E2-A1IO-01A-11D-A145-05,Cluster 3
TCGA-AC-A5XU-01A-11D-A28C-05,Cluster 5
TCGA-E2-A1IN-01A-11D-A13K-05,Cluster 3
TCGA-A7-A56D-01A-11D-A27Y-05,Cluster 4
TCGA-BH-A0HK-01A-11D-A10P-05,Cluster 5
TCGA-D8-A1XB-01A-11D-A14H-05,Cluster 5
TCGA-AC-A23G-01A-11D-A212-05,Cluster 1
TCGA-AC-A2B8-01A-11D-A17F-05,Cluster 3
TCGA-BH-A5J0-01A-11D-A27Y-05,Cluster 4
TCGA-AO-A125-01A-11D-A10N-05,Cluster 4
TCGA-OL-A66N-01A-12D-A31V-05,Cluster 5
TCGA-OL-A66J-01A-11D-A29O-05,Cluster 4
TCGA-EW-A1P3-01A-11D-A145-05,Cluster 3
TCGA-BH-A0B8-01A-21D-A10P-05,Cluster 5
TCGA-E9-A1QZ-01A-21D-A16A-05,Cluster 1
TCGA-BH-A0DQ-01A-11D-A10P-05,Cluster 4
TCGA-AC-A8OP-01A-11D-A36K-05,Cluster 5
TCGA-XX-A899-01A-11D-A36K-05,Cluster 1
TCGA-A2-A259-01A-11D-A16G-05,Cluster 1
TCGA-A2-A3KC-01A-11D-A212-05,Cluster 5
TCGA-D8-A1XA-01A-11D-A14H-05,Cluster 4
TCGA-E2-A1B1-01A-21D-A12R-05,Cluster 1
TCGA-A7-A5ZX-01A-12D-A29O-05,Cluster 1
TCGA-BH-A201-01A-11D-A14N-05,Cluster 3
TCGA-AQ-A04L-01B-21D-A10N-05,Cluster 4
TCGA-BH-A0E1-01A-11D-A10P-05,Cluster 3
TCGA-AR-A0U3-01A-11D-A10A-05,Cluster 5
TCGA-A7-A425-01A-11D-A244-05,Cluster 3
TCGA-OL-A66H-01A-11D-A29O-05,Cluster 3
TCGA-D8-A1XV-01A-11D-A14N-05,Cluster 3
TCGA-S3-A6ZG-01A-22D-A32T-05,Cluster 5
TCGA-E9-A1NG-01A-21D-A14N-05,Cluster 3
TCGA-AC-A5XS-01A-11D-A29O-05,Cluster 3
TCGA-A7-A3RF-01A-11D-A22B-05,Cluster 3
TCGA-PL-A8LX-01A-11D-A41Q-05,Cluster 3
TCGA-AR-A1AX-01A-11D-A12R-05,Cluster 1
TCGA-BH-A1FB-01A-11D-A13K-05,Cluster 1
TCGA-BH-A0HI-01A-11D-A10P-05,Cluster 3
TCGA-AR-A5QP-01A-11D-A28C-05,Cluster 1
TCGA-B6-A0RI-01A-11D-A10P-05,Cluster 3
TCGA-E2-A1IE-01A-11D-A13K-05,Cluster 5
TCGA-E9-A1N5-01A-11D-A14H-05,Cluster 1
TCGA-GM-A5PX-01A-12D-A28C-05,Cluster 3
TCGA-B6-A0RG-01A-11D-A10P-05,Cluster 4
TCGA-E2-A1IF-01A-11D-A145-05,Cluster 3
TCGA-BH-A1F5-01A-12D-A13K-05,Cluster 3
TCGA-D8-A27T-01A-11D-A16G-05,Cluster 4
TCGA-B6-A40B-01A-11D-A23D-05,Cluster 5
TCGA-E9-A24A-01A-11D-A16A-05,Cluster 3
TCGA-AC-A3TM-01A-11D-A22B-05,Cluster 3
TCGA-D8-A4Z1-01A-21D-A268-05,Cluster 1
TCGA-AC-A3OD-01B-06D-A22R-05,Cluster 5
TCGA-C8-A3M7-01A-12D-A21R-05,Cluster 1
TCGA-A8-A08O-01A-21D-A10P-05,Cluster 3
TCGA-D8-A73X-01A-11D-A32T-05,Cluster 5
TCGA-S3-AA12-01A-11D-A41Q-05,Cluster 4
TCGA-LL-A6FQ-01A-11D-A31V-05,Cluster 4
TCGA-A2-A0YI-01A-31D-A10N-05,Cluster 1
TCGA-GM-A2DA-01A-11D-A18O-05,Cluster 4
TCGA-OK-A5Q2-01A-11D-A27Y-05,Cluster 1
TCGA-A2-A1FV-01A-11D-A13K-05,Cluster 5
TCGA-C8-A26Z-01A-11D-A16G-05,Cluster 4
TCGA-GM-A4E0-01A-12D-A268-05,Cluster 1
TCGA-OL-A5RX-01A-11D-A28C-05,Cluster 1
TCGA-BH-A0HA-01A-11D-A12R-05,Cluster 3
TCGA-E2-A10F-01A-11D-A10N-05,Cluster 5
TCGA-E2-A1IL-01A-11D-A14H-05,Cluster 3
TCGA-C8-A1HI-01A-11D-A138-05,Cluster 3
TCGA-AQ-A0Y5-01A-11D-A14N-05,Cluster 3
TCGA-A7-A26J-01B-02D-A27B-05,Cluster 1
TCGA-D8-A1X8-01A-11D-A14N-05,Cluster 3
TCGA-E9-A1RD-01A-11D-A161-05,Cluster 5
TCGA-E2-A1IU-01A-11D-A14H-05,Cluster 3
TCGA-D8-A1XY-01A-11D-A14N-05,Cluster 4
TCGA-EW-A2FS-01A-11D-A17F-05,Cluster 5
TCGA-A1-A0SG-01A-11D-A145-05,Cluster 4
TCGA-E9-A1RF-01A-11D-A161-05,Cluster 5
TCGA-EW-A423-01A-11D-A244-05,Cluster 5
TCGA-BH-A0B5-01A-11D-A12R-05,Cluster 5
TCGA-V7-A7HQ-01A-11D-A33F-05,Cluster 3
TCGA-E9-A245-01A-22D-A16G-05,Cluster 3
TCGA-BH-A0HP-01A-12D-A10P-05,Cluster 5
TCGA-A1-A0SF-01A-11D-A145-05,Cluster 3
TCGA-BH-A0H3-01A-11D-A12R-05,Cluster 1
TCGA-A2-A0CT-01A-31D-A10P-05,Cluster 5
TCGA-D8-A1XC-01A-11D-A14H-05,Cluster 3
TCGA-E2-A1L9-01A-11D-A13K-05,Cluster 3
TCGA-D8-A1JH-01A-11D-A13K-05,Cluster 1
TCGA-E9-A295-01A-11D-A16G-05,Cluster 5
TCGA-AR-A24X-01A-11D-A16A-05,Cluster 5
TCGA-LL-A7SZ-01A-32D-A357-05,Cluster 4
TCGA-S3-A6ZH-01A-22D-A32T-05,Cluster 4
TCGA-OL-A5RU-01A-11D-A28C-05,Cluster 1
TCGA-AC-A3YJ-01A-11D-A230-05,Cluster 3
TCGA-E9-A1RA-01A-11D-A14H-05,Cluster 1
TCGA-AO-A12C-01A-11D-A10N-05,Cluster 5
TCGA-BH-A0B2-01A-11D-A10N-05,Cluster 1
TCGA-E2-A1IG-01A-11D-A145-05,Cluster 4
TCGA-A2-A25D-01A-12D-A16G-05,Cluster 3
TCGA-E9-A227-01A-11D-A161-05,Cluster 3
TCGA-A7-A26H-01A-11D-A16A-05,Cluster 5
TCGA-GM-A3XN-01A-12D-A230-05,Cluster 1
TCGA-A7-A4SC-01A-12D-A268-05,Cluster 5
TCGA-BH-A0W4-01A-11D-A10A-05,Cluster 3
TCGA-AO-A126-01A-11D-A10N-05,Cluster 5
TCGA-E9-A1R0-01A-22D-A16G-05,Cluster 4
TCGA-GM-A3XG-01A-31D-A244-05,Cluster 1
TCGA-AC-A8OS-01A-12D-A41Q-05,Cluster 3
TCGA-B6-A0WZ-01A-11D-A10A-05,Cluster 5
TCGA-GM-A3NY-01A-11D-A21R-05,Cluster 5
TCGA-A2-A0SU-01A-11D-A10P-05,Cluster 3
TCGA-E2-A107-01A-11D-A10N-05,Cluster 5
TCGA-B6-A0X4-01A-11D-A10A-05,Cluster 3
TCGA-BH-A0HB-01A-11D-A10P-05,Cluster 5
TCGA-D8-A27K-01A-11D-A16G-05,Cluster 1
TCGA-A2-A0CR-01A-11D-A22B-05,Cluster 1
TCGA-LL-A5YN-01A-11D-A28C-05,Cluster 1
TCGA-EW-A1J1-01A-11D-A13K-05,Cluster 3
TCGA-AQ-A1H3-01A-31D-A13K-05,Cluster 5
TCGA-E9-A229-01A-31D-A161-05,Cluster 3
TCGA-AR-A24T-01A-11D-A16A-05,Cluster 5
TCGA-A7-A426-01A-22D-A244-05,Cluster 3
TCGA-OL-A66K-01A-11D-A29O-05,Cluster 5
TCGA-AQ-A1H2-01A-11D-A13K-05,Cluster 4
TCGA-BH-A0BT-01A-11D-A12R-05,Cluster 4
TCGA-A7-A5ZW-01A-12D-A29O-05,Cluster 1
TCGA-3C-AALK-01A-11D-A41Q-05,Cluster 5
TCGA-AN-A0XO-01A-11D-A10A-05,Cluster 5
TCGA-EW-A6S9-01A-22D-A33F-05,Cluster 3
TCGA-BH-A0BA-01A-11D-A10P-05,Cluster 5
TCGA-BH-A1FR-01A-11D-A13K-05,Cluster 3
TCGA-BH-A1FG-01A-11D-A13K-05,Cluster 3
TCGA-BH-A0HN-01A-11D-A10P-05,Cluster 3
TCGA-JL-A3YX-01A-11D-A230-05,Cluster 3
TCGA-B6-A0RO-01A-22D-A10P-05,Cluster 3
TCGA-AC-A3EH-01A-22D-A22B-05,Cluster 5
TCGA-AN-A0XS-01A-22D-A10A-05,Cluster 3
TCGA-BH-A0DS-01A-11D-A10P-05,Cluster 5
TCGA-E9-A247-01A-11D-A16A-05,Cluster 5
TCGA-AR-A1AN-01A-11D-A12R-05,Cluster 3
TCGA-PE-A5DE-01A-11D-A27Y-05,Cluster 3
TCGA-S3-AA11-01A-31D-A41Q-05,Cluster 5
TCGA-EW-A1PA-01A-11D-A145-05,Cluster 3
TCGA-BH-A28Q-01A-11D-A16G-05,Cluster 5
TCGA-BH-A6R8-01A-21D-A33F-05,Cluster 4
TCGA-A2-A0YL-01A-21D-A10A-05,Cluster 3
TCGA-A2-A0CK-01A-11D-A22B-05,Cluster 3
TCGA-A1-A0SH-01A-11D-A10P-05,Cluster 1
TCGA-E9-A1R3-01A-31D-A14N-05,Cluster 3
TCGA-D8-A1XM-01A-21D-A14N-05,Cluster 3
TCGA-AO-A0JJ-01A-11D-A10P-05,Cluster 1
TCGA-B6-A0WT-01A-11D-A10A-05,Cluster 3
TCGA-A2-A4RW-01A-21D-A268-05,Cluster 5
TCGA-AR-A0TZ-01A-12D-A10P-05,Cluster 5
TCGA-D8-A1JS-01A-11D-A13K-05,Cluster 3
TCGA-AC-A3QP-01A-11D-A230-05,Cluster 3
TCGA-D8-A3Z6-01A-11D-A23D-05,Cluster 4
TCGA-A1-A0SQ-01A-21D-A145-05,Cluster 4
TCGA-AO-A12B-01A-11D-A10N-05,Cluster 3
TCGA-LQ-A4E4-01A-11D-A268-05,Cluster 5
TCGA-AR-A1AU-01A-11D-A12R-05,Cluster 3
TCGA-E2-A14U-01A-11D-A22B-05,Cluster 1
TCGA-GM-A2DL-01A-11D-A18O-05,Cluster 5
TCGA-E9-A1RI-01A-11D-A16A-05,Cluster 1
TCGA-A2-A0T7-01A-21D-A10P-05,Cluster 1
TCGA-B6-A2IU-01A-32D-A18O-05,Cluster 4
TCGA-AC-A8OR-01A-21D-A41Q-05,Cluster 3
TCGA-E2-A1BD-01A-11D-A12R-05,Cluster 5
TCGA-B6-A1KI-01A-11D-A14N-05,Cluster 3
TCGA-GM-A2DN-01A-11D-A17Z-05,Cluster 1
TCGA-A7-A4SA-01A-11D-A268-05,Cluster 1
TCGA-D8-A1JP-01A-11D-A13K-05,Cluster 3
TCGA-E2-A1B4-01A-11D-A12R-05,Cluster 3
TCGA-E9-A3Q9-01A-11D-A21R-05,Cluster 4
TCGA-AR-A24L-01A-11D-A16A-05,Cluster 3
TCGA-LL-A5YL-01A-12D-A29O-05,Cluster 5
TCGA-A7-A3J0-01A-11D-A212-05,Cluster 3
TCGA-A2-A0YF-01A-21D-A10A-05,Cluster 4
TCGA-E2-A1IK-01A-11D-A145-05,Cluster 3
TCGA-D8-A1XO-01A-11D-A14N-05,Cluster 3
TCGA-AR-A1AK-01A-21D-A12R-05,Cluster 1
TCGA-D8-A73W-01A-22D-A357-05,Cluster 3
TCGA-AC-A2FE-01A-11D-A19Z-05,Cluster 5
TCGA-A7-A3IY-01A-21D-A21R-05,Cluster 2
TCGA-AR-A252-01A-11D-A16A-05,Cluster 1
TCGA-A2-A0EP-01A-52D-A230-05,Cluster 1
TCGA-BH-A1EU-01A-11D-A138-05,Cluster 1
TCGA-AC-A62Y-01A-11D-A29O-05,Cluster 3
TCGA-E2-A2P5-01A-11D-A19Z-05,Cluster 5
TCGA-A2-A0CO-01A-13D-A22B-05,Cluster 4
TCGA-B6-A0RP-01A-21D-A10P-05,Cluster 4
TCGA-AO-A0JC-01A-11D-A10P-05,Cluster 1
TCGA-D8-A1X9-01A-12D-A161-05,Cluster 5
TCGA-LL-A6FP-01A-11D-A31V-05,Cluster 4
TCGA-EW-A1IW-01A-11D-A13K-05,Cluster 5
TCGA-AR-A2LJ-01A-12D-A19Z-05,Cluster 1
TCGA-E9-A22B-01A-11D-A161-05,Cluster 5
TCGA-A2-A3KD-01A-12D-A212-05,Cluster 1
TCGA-D8-A1XG-01A-11D-A14H-05,Cluster 3
TCGA-A8-A0A6-01A-12D-A10P-05,Cluster 5
TCGA-E2-A15I-01A-21D-A138-05,Cluster 3
TCGA-AQ-A7U7-01A-22D-A357-05,Cluster 1
TCGA-AR-A5QN-01A-12D-A28C-05,Cluster 5
TCGA-D8-A27I-01A-11D-A16G-05,Cluster 1
TCGA-C8-A1HE-01A-11D-A13K-05,Cluster 5
TCGA-AN-A0XV-01A-11D-A10A-05,Cluster 5
TCGA-E2-A10E-01A-21D-A10N-05,Cluster 5
TCGA-AR-A2LE-01A-11D-A17Z-05,Cluster 3
TCGA-AR-A24V-01A-21D-A16A-05,Cluster 4
TCGA-AC-A23E-01A-11D-A161-05,Cluster 3
TCGA-PE-A5DD-01A-12D-A27Y-05,Cluster 5
TCGA-LD-A74U-01A-13D-A33F-05,Cluster 3
TCGA-E2-A1IJ-01A-11D-A145-05,Cluster 1
TCGA-EW-A1J5-01A-11D-A13K-05,Cluster 4
TCGA-E9-A1N4-01A-11D-A14N-05,Cluster 3
TCGA-AC-A6IX-01A-12D-A32T-05,Cluster 5
TCGA-BH-A0H7-01A-13D-A10P-05,Cluster 4
TCGA-AN-A0XL-01A-11D-A10N-05,Cluster 4
TCGA-AR-A1AP-01A-11D-A12R-05,Cluster 5
TCGA-AR-A0TR-01A-11D-A10P-05,Cluster 3
TCGA-E9-A5FK-01A-11D-A27Y-05,Cluster 1
TCGA-AC-A4ZE-01A-11D-A41Q-05,Cluster 5
TCGA-D8-A1JU-01A-11D-A13K-05,Cluster 1
TCGA-AC-A2QI-01A-12D-A19Z-05,Cluster 4
TCGA-D8-A3Z5-01A-41D-A244-05,Cluster 3
TCGA-OL-A6VR-01A-32D-A33F-05,Cluster 3
TCGA-LL-A9Q3-01A-11D-A41Q-05,Cluster 5
TCGA-BH-A1FH-01A-12D-A13K-05,Cluster 1
TCGA-A7-A13H-01A-11D-A22B-05,Cluster 3
TCGA-AR-A1AM-01A-41D-A22B-05,Cluster 3
TCGA-GM-A5PV-01A-11D-A28C-05,Cluster 3
TCGA-A7-A3J1-01A-11D-A212-05,Cluster 1
TCGA-AC-A2FB-01A-11D-A17F-05,Cluster 1
TCGA-E2-A105-01A-11D-A10N-05,Cluster 5
TCGA-EW-A1P5-01A-11D-A145-05,Cluster 3
TCGA-AC-A6IV-01A-12D-A33F-05,Cluster 1
TCGA-LD-A7W6-01A-81D-A357-05,Cluster 3
TCGA-A2-A0T4-01A-31D-A10P-05,Cluster 5
TCGA-PE-A5DC-01A-12D-A27Y-05,Cluster 4
TCGA-A2-A1FZ-01A-51D-A14H-05,Cluster 5
TCGA-BH-A0DH-01A-11D-A10P-05,Cluster 5
TCGA-OL-A5D8-01A-11D-A27Y-05,Cluster 5
TCGA-A2-A0SY-01A-31D-A10P-05,Cluster 5
TCGA-A7-A0DC-01B-04D-A22R-05,Cluster 3
TCGA-A2-A0T5-01A-21D-A10P-05,Cluster 3
TCGA-OL-A66L-01A-12D-A31V-05,Cluster 5
TCGA-WT-AB44-01A-11D-A41Q-05,Cluster 5
TCGA-B6-A0RM-01A-11D-A10P-05,Cluster 3
TCGA-AO-A0JF-01A-11D-A10P-05,Cluster 1
TCGA-BH-A0BC-01A-22D-A10P-05,Cluster 1
TCGA-D8-A1XU-01A-11D-A14N-05,Cluster 5
TCGA-BH-A0AZ-01A-21D-A12R-05,Cluster 3
TCGA-E2-A106-01A-11D-A10N-05,Cluster 3
TCGA-AN-A0XW-01A-11D-A10A-05,Cluster 3
TCGA-AC-A2FG-01A-11D-A17F-05,Cluster 3
TCGA-AO-A12G-01A-11D-A10N-05,Cluster 5
TCGA-E9-A1NE-01A-21D-A14N-05,Cluster 1
TCGA-A2-A4S0-01A-21D-A268-05,Cluster 3
TCGA-3C-AAAU-01A-11D-A41Q-05,Cluster 3
TCGA-E2-A572-01A-13D-A31V-05,Cluster 3
TCGA-GM-A3NW-01A-21D-A22B-05,Cluster 5
TCGA-A7-A3IZ-01A-11D-A212-05,Cluster 4
TCGA-EW-A424-01A-11D-A244-05,Cluster 5
TCGA-A1-A0SE-01A-11D-A10P-05,Cluster 3
TCGA-LL-A442-01A-11D-A244-05,Cluster 3
TCGA-D8-A27P-01A-11D-A16G-05,Cluster 3
TCGA-EW-A1J2-01A-21D-A13K-05,Cluster 1
TCGA-BH-A1EW-01A-11D-A138-05,Cluster 1
TCGA-W8-A86G-01A-21D-A36K-05,Cluster 3
TCGA-A8-A0AD-01A-11D-A10P-05,Cluster 4
TCGA-A7-A13G-01B-04D-A22R-05,Cluster 3
TCGA-A1-A0SJ-01A-11D-A10P-05,Cluster 5
TCGA-EW-A1PE-01A-11D-A145-05,Cluster 3
TCGA-GM-A2D9-01A-11D-A18O-05,Cluster 5
TCGA-OL-A5DA-01A-11D-A27Y-05,Cluster 3
TCGA-AR-A1AS-01A-11D-A12R-05,Cluster 4
TCGA-AC-A3W6-01A-12D-A22B-05,Cluster 1
TCGA-AC-A2FM-01A-11D-A19Z-05,Cluster 5
TCGA-C8-A273-01A-11D-A16G-05,Cluster 5
TCGA-AR-A2LN-01A-21D-A18O-05,Cluster 1
TCGA-B6-A408-01A-12D-A244-05,Cluster 3
TCGA-Z7-A8R5-01A-42D-A41Q-05,Cluster 1
TCGA-BH-A0HF-01A-11D-A10P-05,Cluster 3
TCGA-AR-A24W-01A-11D-A16A-05,Cluster 1
TCGA-BH-A0BM-01A-11D-A10P-05,Cluster 3
TCGA-BH-A0GY-01A-11D-A10P-05,Cluster 3
TCGA-BH-A0HX-01A-21D-A10P-05,Cluster 5
TCGA-AR-A24P-01A-11D-A16A-05,Cluster 1
TCGA-OL-A5RV-01A-12D-A28C-05,Cluster 3
TCGA-EW-A1PF-01A-11D-A145-05,Cluster 1
TCGA-EW-A6SC-01A-12D-A32T-05,Cluster 4
TCGA-E9-A1RC-01A-11D-A161-05,Cluster 5
TCGA-E9-A1R5-01A-11D-A14N-05,Cluster 5
TCGA-E9-A2JT-01A-22D-A18O-05,Cluster 1
TCGA-BH-A0B6-01A-11D-A19Z-05,Cluster 1
TCGA-WT-AB41-01A-11D-A41Q-05,Cluster 5
TCGA-AC-A23C-01A-12D-A16A-05,Cluster 1
TCGA-E9-A5UP-01A-11D-A28C-05,Cluster 3
TCGA-E9-A1R2-01A-11D-A14H-05,Cluster 1
TCGA-A2-A0YC-01A-11D-A10A-05,Cluster 5
TCGA-E2-A1LA-01A-11D-A145-05,Cluster 4
TCGA-B6-A0WY-01A-11D-A10A-05,Cluster 1
TCGA-AR-A24O-01A-11D-A16A-05,Cluster 3
TCGA-EW-A1IZ-01A-11D-A13K-05,Cluster 1
TCGA-E9-A6HE-01A-11D-A31V-05,Cluster 5
TCGA-5L-AAT0-01A-12D-A41Q-05,Cluster 3
TCGA-BH-A0DV-01A-21D-A12R-05,Cluster 1
TCGA-S3-AA14-01A-11D-A41Q-05,Cluster 1
TCGA-BH-A1ES-01A-11D-A138-05,Cluster 5
TCGA-A2-A0YD-01A-11D-A10A-05,Cluster 1
TCGA-E2-A10B-01A-11D-A10N-05,Cluster 5
TCGA-D8-A27E-01A-11D-A16G-05,Cluster 3
TCGA-GM-A2DC-01A-11D-A18O-05,Cluster 5
TCGA-AC-A3BB-01A-21D-A19Z-05,Cluster 1
TCGA-GI-A2C8-01A-11D-A16G-05,Cluster 5
TCGA-A7-A0D9-01A-31D-A10P-05,Cluster 3
TCGA-E9-A1N3-01A-12D-A161-05,Cluster 1
TCGA-E2-A15J-01A-11D-A12R-05,Cluster 5
TCGA-BH-A8FY-01A-11D-A36K-05,Cluster 5
TCGA-E2-A576-01A-11D-A31V-05,Cluster 5
TCGA-OL-A66O-01A-11D-A31V-05,Cluster 5
TCGA-AO-A0JA-01A-11D-A10P-05,Cluster 5
TCGA-D8-A27L-01A-11D-A16G-05,Cluster 3
TCGA-HN-A2OB-01A-21D-A27Y-05,Cluster 3
TCGA-E2-A1B5-01A-21D-A12R-05,Cluster 1
TCGA-XX-A89A-01A-11D-A36K-05,Cluster 3
TCGA-EW-A2FV-01A-11D-A17F-05,Cluster 3
TCGA-A2-A4S2-01A-12D-A268-05,Cluster 5
TCGA-GM-A2DM-01A-11D-A17Z-05,Cluster 3
TCGA-AO-A03L-01A-41D-A10P-05,Cluster 5
TCGA-AR-A255-01A-11D-A16A-05,Cluster 5
TCGA-BH-A0H9-01A-11D-A10P-05,Cluster 3
TCGA-BH-A0DG-01A-21D-A12R-05,Cluster 1
TCGA-4H-AAAK-01A-12D-A41Q-05,Cluster 3
TCGA-AR-A2LM-01A-11D-A17Z-05,Cluster 3
TCGA-E2-A570-01A-11D-A29O-05,Cluster 3
TCGA-AR-A1AL-01A-21D-A12R-05,Cluster 3
TCGA-B6-A0X7-01A-11D-A10N-05,Cluster 3
TCGA-AC-A2FO-01A-11D-A17Z-05,Cluster 1
TCGA-AR-A24M-01A-11D-A16A-05,Cluster 3
TCGA-E2-A1L6-01A-11D-A13K-05,Cluster 3
TCGA-EW-A3E8-01B-11D-A244-05,Cluster 5
TCGA-LL-A440-01A-11D-A244-05,Cluster 1
TCGA-AC-A2FF-01A-11D-A17F-05,Cluster 1
TCGA-B6-A0RN-01A-12D-A10P-05,Cluster 5
TCGA-BH-A0H6-01A-21D-A10P-05,Cluster 3
TCGA-UL-AAZ6-01A-11D-A41Q-05,Cluster 5
TCGA-EW-A1IX-01A-12D-A145-05,Cluster 3
TCGA-BH-A1ET-01A-11D-A138-05,Cluster 3
TCGA-AC-A3W7-01A-11D-A22B-05,Cluster 3
TCGA-EW-A1P6-01A-11D-A145-05,Cluster 3
TCGA-LL-A50Y-01A-11D-A268-05,Cluster 5
TCGA-A2-A0T6-01A-11D-A10P-05,Cluster 5
TCGA-AN-A0XP-01A-11D-A10A-05,Cluster 3
TCGA-AN-A0XN-01A-21D-A10A-05,Cluster 5
TCGA-AO-A0J9-01A-11D-A032-05,Cluster 5
TCGA-BH-A0HQ-01A-11D-A032-05,Cluster 3
TCGA-A1-A0SD-01A-11D-A112-05,Cluster 3
TCGA-A2-A0EM-01A-11D-A032-05,Cluster 3
TCGA-AN-A046-01A-21D-A032-05,Cluster 5
TCGA-A8-A091-01A-11D-A00Y-05,Cluster 4
TCGA-BH-A18F-01A-11D-A12E-05,Cluster 1
TCGA-A8-A06T-01A-11D-A00Y-05,Cluster 4
TCGA-E2-A153-01A-12D-A12E-05,Cluster 3
TCGA-A8-A0A1-01A-11D-A00Y-05,Cluster 5
TCGA-E2-A15D-01A-11D-A112-05,Cluster 3
TCGA-AN-A0FZ-01A-11D-A032-05,Cluster 4
TCGA-A8-A09B-01A-11D-A00Y-05,Cluster 3
TCGA-A8-A093-01A-11D-A00Y-05,Cluster 4
TCGA-A8-A09D-01A-11D-A00Y-05,Cluster 3
TCGA-A8-A07G-01A-11D-A032-05,Cluster 3
TCGA-A8-A0A4-01A-11D-A00Y-05,Cluster 5
TCGA-A8-A06Y-01A-21D-A00Y-05,Cluster 5
TCGA-BH-A18S-01A-11D-A12E-05,Cluster 3
TCGA-A8-A09K-01A-11D-A00Y-05,Cluster 4
TCGA-A2-A0CQ-01A-21D-A032-05,Cluster 4
TCGA-C8-A133-01A-32D-A12E-05,Cluster 3
TCGA-A8-A086-01A-11D-A00Y-05,Cluster 4
TCGA-BH-A0B0-01A-21D-A112-05,Cluster 3
TCGA-AN-A0FN-01A-11D-A032-05,Cluster 1
TCGA-D8-A146-01A-31D-A112-05,Cluster 3
TCGA-AO-A12H-01A-11D-A112-05,Cluster 3
TCGA-E2-A15H-01A-11D-A12E-05,Cluster 3
TCGA-BH-A18J-01A-11D-A12E-05,Cluster 3
TCGA-BH-A0HL-01A-11D-A032-05,Cluster 5
TCGA-A8-A0AB-01A-11D-A032-05,Cluster 5
TCGA-E2-A14Q-01A-11D-A12E-05,Cluster 3
TCGA-BH-A0W7-01A-11D-A112-05,Cluster 3
TCGA-C8-A12N-01A-11D-A112-05,Cluster 3
TCGA-D8-A145-01A-11D-A112-05,Cluster 3
TCGA-BH-A0HO-01A-11D-A032-05,Cluster 3
TCGA-A8-A083-01A-21D-A00Y-05,Cluster 3
TCGA-B6-A0IP-01A-11D-A032-05,Cluster 5
TCGA-A7-A0CG-01A-11D-A00Y-05,Cluster 3
TCGA-AN-A0FS-01A-11D-A032-05,Cluster 3
TCGA-E2-A156-01A-11D-A12E-05,Cluster 3
TCGA-AO-A03V-01A-11D-A112-05,Cluster 3
TCGA-B6-A0IC-01A-11D-A032-05,Cluster 3
TCGA-AN-A0FW-01A-11D-A032-05,Cluster 4
TCGA-AN-A0FD-01A-11D-A032-05,Cluster 3
TCGA-A8-A0A9-01A-11D-A00Y-05,Cluster 5
TCGA-A2-A0EW-01A-21D-A112-05,Cluster 3
TCGA-B6-A0X0-01A-21D-A112-05,Cluster 3
TCGA-BH-A0C1-01B-11D-A12E-05,Cluster 3
TCGA-BH-A0BO-01A-23D-A12E-05,Cluster 3
TCGA-A8-A07Z-01A-11D-A00Y-05,Cluster 4
TCGA-A2-A0D3-01A-11D-A112-05,Cluster 5
TCGA-A8-A099-01A-11D-A00Y-05,Cluster 5
TCGA-AN-A0FT-01A-11D-A032-05,Cluster 4
TCGA-BH-A0BQ-01A-21D-A112-05,Cluster 3
TCGA-AO-A12A-01A-21D-A112-05,Cluster 3
TCGA-A8-A09T-01A-11D-A00Y-05,Cluster 3
TCGA-B6-A0IH-01A-11D-A112-05,Cluster 3
TCGA-AN-A04A-01A-21D-A032-05,Cluster 3
TCGA-B6-A0IA-01A-11D-A032-05,Cluster 3
TCGA-AN-A0AS-01A-11D-A00Y-05,Cluster 3
TCGA-E2-A15L-01A-11D-A12E-05,Cluster 3
TCGA-BH-A0E7-01A-11D-A032-05,Cluster 3
TCGA-E2-A14T-01A-11D-A112-05,Cluster 3
TCGA-A2-A0CS-01A-11D-A112-05,Cluster 3
TCGA-A8-A07J-01A-11D-A00Y-05,Cluster 4
TCGA-A8-A0A2-01A-11D-A032-05,Cluster 5
TCGA-A2-A0CP-01A-11D-A032-05,Cluster 3
TCGA-A2-A0ES-01A-11D-A112-05,Cluster 3
TCGA-E2-A14Z-01A-11D-A112-05,Cluster 3
TCGA-A8-A09A-01A-11D-A00Y-05,Cluster 4
TCGA-BH-A0BV-01A-11D-A00Y-05,Cluster 5
TCGA-A7-A0DB-01A-11D-A00Y-05,Cluster 3
TCGA-A2-A04N-01A-11D-A112-05,Cluster 3
TCGA-C8-A132-01A-31D-A112-05,Cluster 3
TCGA-A8-A07P-01A-11D-A00Y-05,Cluster 4
TCGA-AO-A0J8-01A-21D-A032-05,Cluster 3
TCGA-BH-A0DT-01A-21D-A12E-05,Cluster 3
TCGA-A2-A04V-01A-21D-A032-05,Cluster 3
TCGA-B6-A0IM-01A-11D-A032-05,Cluster 4
TCGA-BH-A0DX-01A-11D-A112-05,Cluster 3
TCGA-BH-A18K-01A-11D-A12E-05,Cluster 3
TCGA-A2-A0EX-01A-21D-A032-05,Cluster 3
TCGA-BH-A0DO-01B-11D-A12E-05,Cluster 3
TCGA-A8-A08T-01A-21D-A00Y-05,Cluster 5
TCGA-B6-A0I8-01A-11D-A032-05,Cluster 4
TCGA-E2-A15F-01A-11D-A112-05,Cluster 3
TCGA-D8-A140-01A-11D-A112-05,Cluster 4
TCGA-A7-A0CH-01A-21D-A00Y-05,Cluster 3
TCGA-BH-A18H-01A-11D-A12E-05,Cluster 3
TCGA-A2-A0CV-01A-31D-A112-05,Cluster 3
TCGA-A8-A090-01A-11D-A00Y-05,Cluster 5
TCGA-A7-A0CD-01A-11D-A00Y-05,Cluster 4
TCGA-B6-A0WS-01A-11D-A112-05,Cluster 3
TCGA-E2-A154-01A-11D-A112-05,Cluster 5
TCGA-E2-A15R-01A-11D-A112-05,Cluster 5
TCGA-E2-A15O-01A-11D-A112-05,Cluster 4
TCGA-A8-A097-01A-11D-A032-05,Cluster 4
TCGA-BH-A0EI-01A-11D-A112-05,Cluster 4
TCGA-BH-A18M-01A-11D-A12E-05,Cluster 3
TCGA-BH-A0AY-01A-21D-A00Y-05,Cluster 4
TCGA-E2-A15G-01A-11D-A12E-05,Cluster 3
TCGA-AN-A03X-01A-21D-A00Y-05,Cluster 5
TCGA-A8-A06P-01A-11D-A00Y-05,Cluster 3
TCGA-C8-A12X-01A-11D-A112-05,Cluster 5
TCGA-A2-A0ET-01A-31D-A032-05,Cluster 4
TCGA-C8-A12Y-01A-11D-A12E-05,Cluster 3
TCGA-AN-A049-01A-21D-A00Y-05,Cluster 4
TCGA-BH-A0DZ-01A-11D-A00Y-05,Cluster 5
TCGA-BH-A0H5-01A-21D-A112-05,Cluster 1
TCGA-B6-A0IG-01A-11D-A032-05,Cluster 5
TCGA-A2-A0EV-01A-11D-A032-05,Cluster 4
TCGA-A7-A0DC-01A-11D-A00Y-05,Cluster 3
TCGA-E2-A15E-01A-11D-A12E-05,Cluster 3
TCGA-BH-A18I-01A-11D-A12E-05,Cluster 4
TCGA-B6-A0IO-01A-11D-A032-05,Cluster 4
TCGA-BH-A0BR-01A-21D-A112-05,Cluster 3
TCGA-A2-A0EO-01A-11D-A032-05,Cluster 4
TCGA-BH-A0E9-01B-11D-A112-05,Cluster 3
TCGA-A2-A0ER-01A-21D-A032-05,Cluster 3
TCGA-AN-A041-01A-11D-A032-05,Cluster 4
TCGA-C8-A12O-01A-11D-A112-05,Cluster 3
TCGA-B6-A0IE-01A-11D-A032-05,Cluster 3
TCGA-A8-A08A-01A-11D-A00Y-05,Cluster 3
TCGA-AN-A0FK-01A-11D-A032-05,Cluster 3
TCGA-AO-A0J5-01A-11D-A032-05,Cluster 5
TCGA-E2-A15M-01A-11D-A12E-05,Cluster 3
TCGA-A8-A08Z-01A-21D-A00Y-05,Cluster 3
TCGA-D8-A141-01A-11D-A112-05,Cluster 1
TCGA-E2-A15C-01A-31D-A12E-05,Cluster 4
TCGA-BH-A0BP-01A-11D-A112-05,Cluster 5
TCGA-BH-A0EA-01A-11D-A112-05,Cluster 3
TCGA-A8-A07B-01A-11D-A00Y-05,Cluster 5
TCGA-BH-A0DE-01A-11D-A112-05,Cluster 4
TCGA-A2-A0CU-01A-12D-A032-05,Cluster 3
TCGA-BH-A18N-01A-11D-A12E-05,Cluster 3
TCGA-B6-A0I5-01A-11D-A032-05,Cluster 3
TCGA-A8-A07E-01A-11D-A032-05,Cluster 4
TCGA-A8-A06U-01A-11D-A00Y-05,Cluster 4
TCGA-E2-A15P-01A-11D-A112-05,Cluster 3
TCGA-E2-A10A-01A-21D-A112-05,Cluster 3
TCGA-A8-A07F-01A-11D-A00Y-05,Cluster 4
TCGA-A2-A1FX-01A-11D-A13K-05,Cluster 4
TCGA-E9-A249-01A-11D-A16A-05,Cluster 3
TCGA-D8-A1J8-01A-11D-A13K-05,Cluster 5
TCGA-AR-A0TV-01A-21D-A10P-05,Cluster 5
TCGA-BH-A0C3-01A-21D-A12R-05,Cluster 1
TCGA-A1-A0SI-01A-11D-A145-05,Cluster 3
TCGA-BH-A1FM-01A-11D-A13K-05,Cluster 4
TCGA-C8-A274-01A-11D-A16G-05,Cluster 5
TCGA-BH-A0W3-01A-11D-A10A-05,Cluster 3
TCGA-E9-A1RE-01A-11D-A161-05,Cluster 5
TCGA-D8-A1X6-01A-11D-A14N-05,Cluster 4
TCGA-C8-A8HQ-01A-11D-A36K-05,Cluster 5
TCGA-B6-A0WW-01A-11D-A10A-05,Cluster 5
TCGA-C8-A1HL-01A-11D-A138-05,Cluster 4
TCGA-BH-A1F8-01A-11D-A13K-05,Cluster 4
TCGA-D8-A1XZ-01A-11D-A14N-05,Cluster 4
TCGA-EW-A1PC-01B-11D-A21R-05,Cluster 4
TCGA-D8-A1XR-01A-11D-A14N-05,Cluster 3
TCGA-EW-A1OX-01A-11D-A145-05,Cluster 5
TCGA-D8-A1XL-01A-11D-A14N-05,Cluster 3
TCGA-A2-A0SV-01A-11D-A10P-05,Cluster 4
TCGA-AR-A24R-01A-11D-A16A-05,Cluster 5
TCGA-E9-A22H-01A-11D-A161-05,Cluster 3
TCGA-B6-A0WV-01A-11D-A10A-05,Cluster 4
TCGA-E9-A2JS-01A-11D-A17Z-05,Cluster 5
TCGA-BH-A0BF-01A-21D-A12R-05,Cluster 1
TCGA-AO-A1KP-01A-11D-A13K-05,Cluster 5
TCGA-D8-A27R-01A-11D-A16G-05,Cluster 1
TCGA-GM-A2DO-01A-11D-A18O-05,Cluster 1
TCGA-BH-A0BZ-01A-31D-A12R-05,Cluster 5
TCGA-B6-A0X5-01A-21D-A10A-05,Cluster 4
TCGA-AR-A0TQ-01A-11D-A10P-05,Cluster 5
TCGA-AR-A24H-01A-11D-A16A-05,Cluster 4
TCGA-E9-A22D-01A-11D-A161-05,Cluster 5
TCGA-D8-A27N-01A-11D-A16G-05,Cluster 5
TCGA-C8-A26W-01A-11D-A16G-05,Cluster 3
TCGA-AO-A1KT-01A-11D-A13K-05,Cluster 4
TCGA-C8-A3M8-01A-11D-A212-05,Cluster 5
TCGA-E9-A1RG-01A-11D-A14H-05,Cluster 3
TCGA-EW-A1IY-01A-11D-A13K-05,Cluster 1
TCGA-AR-A24N-01A-11D-A16A-05,Cluster 5
TCGA-D8-A1Y1-01A-21D-A14N-05,Cluster 4
TCGA-A2-A04R-01A-41D-A10A-05,Cluster 4
TCGA-A2-A25E-01A-11D-A16A-05,Cluster 4
TCGA-A2-A0YT-01A-11D-A10A-05,Cluster 4
TCGA-A2-A0YG-01A-21D-A10A-05,Cluster 5
TCGA-EW-A1OY-01A-11D-A145-05,Cluster 4
TCGA-AR-A24Z-01A-11D-A16A-05,Cluster 4
TCGA-D8-A1JJ-01A-31D-A14N-05,Cluster 3
TCGA-E9-A228-01A-31D-A161-05,Cluster 5
TCGA-E2-A1L7-01A-11D-A145-05,Cluster 5
TCGA-5T-A9QA-01A-11D-A41Q-05,Cluster 5
TCGA-B6-A1KN-01A-11D-A13K-05,Cluster 5
TCGA-3C-AALJ-01A-31D-A41Q-05,Cluster 5
TCGA-E9-A54Y-01A-11D-A268-05,Cluster 4
TCGA-D8-A1JT-01A-31D-A13K-05,Cluster 4
TCGA-D8-A1JE-01A-11D-A13K-05,Cluster 3
TCGA-A2-A0SW-01A-11D-A10P-05,Cluster 4
TCGA-D8-A27W-01A-11D-A16G-05,Cluster 5
TCGA-Z7-A8R6-01A-11D-A41Q-05,Cluster 3
TCGA-LL-A5YM-01A-11D-A28C-05,Cluster 5
TCGA-AO-A0JM-01A-21D-A10P-05,Cluster 5
TCGA-D8-A1JI-01A-11D-A13K-05,Cluster 4
TCGA-A7-A6VX-01A-12D-A33F-05,Cluster 4
TCGA-AC-A2BM-01A-11D-A21R-05,Cluster 5
TCGA-AQ-A04H-01B-11D-A10N-05,Cluster 5
TCGA-A2-A0YH-01A-11D-A10A-05,Cluster 3
TCGA-E9-A22A-01A-11D-A161-05,Cluster 5
TCGA-S3-A6ZF-01A-32D-A32T-05,Cluster 3
TCGA-AR-A250-01A-31D-A16A-05,Cluster 5
TCGA-AO-A03N-01B-11D-A10N-05,Cluster 3
TCGA-A2-A1G4-01A-11D-A13K-05,Cluster 5
TCGA-EW-A1OZ-01A-11D-A145-05,Cluster 5
TCGA-EW-A1P0-01A-11D-A145-05,Cluster 3
TCGA-BH-A1FN-01A-11D-A13K-05,Cluster 3
TCGA-BH-A42T-01A-11D-A244-05,Cluster 5
TCGA-E2-A15K-01A-11D-A12R-05,Cluster 4
TCGA-E9-A1N6-01A-11D-A145-05,Cluster 3
TCGA-D8-A1X5-01A-11D-A14H-05,Cluster 4
TCGA-C8-A1HM-01A-12D-A138-05,Cluster 4
TCGA-D8-A1Y2-01A-11D-A161-05,Cluster 3
TCGA-E9-A1R7-01A-11D-A14N-05,Cluster 5
TCGA-BH-A0HY-01A-11D-A10P-05,Cluster 5
TCGA-AC-A7VB-01A-11D-A357-05,Cluster 5
TCGA-D8-A1X7-01A-11D-A14N-05,Cluster 4
TCGA-BH-A1FJ-01A-11D-A13K-05,Cluster 5
TCGA-E2-A9RU-01A-11D-A41Q-05,Cluster 5
TCGA-D8-A1JC-01A-11D-A13K-05,Cluster 4
TCGA-AO-A1KS-01A-11D-A13K-05,Cluster 5
TCGA-D8-A1Y3-01A-11D-A161-05,Cluster 5
TCGA-E2-A109-01A-11D-A10N-05,Cluster 5
TCGA-E9-A22E-01A-11D-A161-05,Cluster 1
TCGA-E2-A10C-01A-21D-A10N-05,Cluster 4
TCGA-EW-A2FW-01A-11D-A17F-05,Cluster 3
TCGA-BH-A202-01A-11D-A14N-05,Cluster 1
TCGA-E9-A1RB-01A-11D-A161-05,Cluster 3
TCGA-AR-A2LL-01A-11D-A17Z-05,Cluster 5
TCGA-A2-A25C-01A-11D-A16A-05,Cluster 1
TCGA-BH-A0H0-01A-11D-A10P-05,Cluster 4
TCGA-BH-A0AU-01A-11D-A12R-05,Cluster 1
TCGA-A8-A075-01A-11D-A10P-05,Cluster 3
TCGA-EW-A1J6-01A-11D-A13K-05,Cluster 3
TCGA-LL-A7T0-01A-31D-A357-05,Cluster 5
TCGA-A2-A25B-01A-11D-A16A-05,Cluster 4
TCGA-BH-A204-01A-11D-A161-05,Cluster 5
TCGA-BH-A209-01A-11D-A161-05,Cluster 1
TCGA-A7-A2KD-01A-31D-A21R-05,Cluster 4
TCGA-AR-A0TT-01A-31D-A10P-05,Cluster 1
TCGA-A1-A0SN-01A-11D-A145-05,Cluster 5
TCGA-C8-A1HN-01A-11D-A138-05,Cluster 4
TCGA-E9-A1R4-01A-21D-A14H-05,Cluster 3
TCGA-AR-A1AW-01A-21D-A12R-05,Cluster 1
TCGA-E9-A54X-01A-11D-A268-05,Cluster 3
TCGA-B6-A1KC-01B-11D-A161-05,Cluster 5
TCGA-A2-A1FW-01A-11D-A13K-05,Cluster 5
TCGA-AR-A24K-01A-11D-A16A-05,Cluster 3
TCGA-B6-A0RL-01A-11D-A10P-05,Cluster 5
TCGA-E9-A1NI-01A-11D-A14H-05,Cluster 4
TCGA-BH-A1F2-01A-31D-A13K-05,Cluster 4
TCGA-AO-A0JD-01A-11D-A10P-05,Cluster 4
TCGA-E9-A5UO-01A-11D-A28C-05,Cluster 5
TCGA-AR-A2LK-01A-11D-A17Z-05,Cluster 5
TCGA-D8-A1J9-01A-11D-A13K-05,Cluster 5
TCGA-AR-A0U2-01A-11D-A10A-05,Cluster 4
TCGA-AR-A24S-01A-11D-A16A-05,Cluster 3
TCGA-A2-A4S3-01A-21D-A268-05,Cluster 3
TCGA-C8-A26V-01A-11D-A16G-05,Cluster 5
TCGA-D8-A1JD-01A-11D-A13K-05,Cluster 4
TCGA-S3-AA17-01A-11D-A41Q-05,Cluster 5
TCGA-D8-A1XF-01A-11D-A14H-05,Cluster 5
TCGA-BH-A0C0-01A-21D-A10P-05,Cluster 1
TCGA-E9-A226-01A-21D-A161-05,Cluster 5
TCGA-E2-A56Z-01A-12D-A29O-05,Cluster 4
TCGA-E9-A1NF-01A-11D-A14H-05,Cluster 3
TCGA-A7-A13F-01A-11D-A12R-05,Cluster 5
TCGA-E9-A1NA-01A-11D-A145-05,Cluster 5
TCGA-C8-A1HG-01A-11D-A138-05,Cluster 3
TCGA-AN-A0XR-01A-11D-A10A-05,Cluster 5
TCGA-C8-A27A-01A-11D-A16A-05,Cluster 5
TCGA-BH-A0HW-01A-11D-A032-05,Cluster 3
TCGA-A8-A081-01A-11D-A00Y-05,Cluster 4
TCGA-A8-A09Z-01A-11D-A00Y-05,Cluster 4
TCGA-A8-A06Q-01A-11D-A032-05,Cluster 4
TCGA-AO-A03O-01A-11D-A00Y-05,Cluster 4
TCGA-AN-A0AM-01A-11D-A032-05,Cluster 3
TCGA-A8-A07W-01A-11D-A00Y-05,Cluster 4
TCGA-A8-A06O-01A-11D-A00Y-05,Cluster 5
TCGA-AO-A0J3-01A-11D-A032-05,Cluster 4
TCGA-B6-A0IB-01A-11D-A032-05,Cluster 4
TCGA-AN-A0AJ-01A-11D-A00Y-05,Cluster 5
TCGA-AO-A0J7-01A-11D-A032-05,Cluster 4
TCGA-A2-A0CW-01A-21D-A112-05,Cluster 3
TCGA-BH-A0BD-01A-11D-A032-05,Cluster 3
TCGA-A8-A076-01A-21D-A00Y-05,Cluster 5
TCGA-A8-A095-01A-11D-A00Y-05,Cluster 3
TCGA-AN-A03Y-01A-21D-A00Y-05,Cluster 5
TCGA-AN-A0FF-01A-11D-A032-05,Cluster 5
TCGA-A8-A084-01A-21D-A00Y-05,Cluster 5
TCGA-A8-A06N-01A-11D-A00Y-05,Cluster 4
TCGA-A8-A092-01A-11D-A00Y-05,Cluster 4
TCGA-C8-A12W-01A-11D-A112-05,Cluster 4
TCGA-A8-A07L-01A-11D-A00Y-05,Cluster 4
TCGA-E2-A15A-01A-11D-A12E-05,Cluster 4
TCGA-AN-A0AK-01A-21D-A00Y-05,Cluster 4
TCGA-E2-A155-01A-11D-A12E-05,Cluster 4
TCGA-A8-A096-01A-11D-A00Y-05,Cluster 4
TCGA-A2-A04Y-01A-21D-A032-05,Cluster 3
TCGA-A8-A08S-01A-11D-A032-05,Cluster 5
TCGA-BH-A18L-01A-32D-A12E-05,Cluster 4
TCGA-A2-A0CY-01A-12D-A032-05,Cluster 2
TCGA-BH-A0HU-01A-11D-A032-05,Cluster 3
TCGA-A8-A06Z-01A-11D-A00Y-05,Cluster 4
TCGA-A8-A09I-01A-22D-A032-05,Cluster 5
TCGA-A8-A079-01A-21D-A00Y-05,Cluster 5
TCGA-BH-A0C7-01B-11D-A112-05,Cluster 5
TCGA-C8-A12M-01A-11D-A112-05,Cluster 5
TCGA-C8-A130-01A-31D-A112-05,Cluster 3
TCGA-E2-A15S-01A-11D-A112-05,Cluster 5
TCGA-D8-A13Y-01A-11D-A112-05,Cluster 3
TCGA-B6-A0IN-01A-11D-A032-05,Cluster 5
TCGA-E2-A14O-01A-31D-A112-05,Cluster 4
TCGA-A8-A06R-01A-11D-A00Y-05,Cluster 4
TCGA-A2-A0EY-01A-11D-A032-05,Cluster 4
TCGA-A7-A0CJ-01A-21D-A00Y-05,Cluster 5
TCGA-A8-A07S-01A-11D-A032-05,Cluster 3
TCGA-AN-A0FY-01A-11D-A032-05,Cluster 3
TCGA-A8-A08G-01A-11D-A00Y-05,Cluster 4
TCGA-A8-A09E-01A-11D-A00Y-05,Cluster 5
TCGA-A8-A09N-01A-11D-A00Y-05,Cluster 4
TCGA-A8-A09R-01A-11D-A00Y-05,Cluster 5
TCGA-A2-A0D4-01A-11D-A00Y-05,Cluster 4
TCGA-AR-A0TY-01A-12D-A112-05,Cluster 4
TCGA-BH-A18U-01A-21D-A12E-05,Cluster 4
TCGA-A8-A08I-01A-11D-A00Y-05,Cluster 3
TCGA-C8-A12U-01A-11D-A112-05,Cluster 5
TCGA-A8-A09M-01A-11D-A00Y-05,Cluster 4
TCGA-A8-A082-01A-11D-A00Y-05,Cluster 5
TCGA-A8-A09Q-01A-11D-A00Y-05,Cluster 5
TCGA-E2-A15T-01A-11D-A112-05,Cluster 4
TCGA-A2-A0T3-01A-21D-A112-05,Cluster 5
TCGA-A2-A3XT-01A-11D-A230-05,Cluster 2
TCGA-AO-A124-01A-11D-A10N-05,Cluster 2
TCGA-A2-A3Y0-01A-11D-A23D-05,Cluster 2
TCGA-A7-A6VV-01A-22D-A33F-05,Cluster 2
TCGA-A7-A26F-01B-04D-A22R-05,Cluster 5
TCGA-EW-A1OW-01A-21D-A145-05,Cluster 2
TCGA-E9-A3QA-01A-61D-A22B-05,Cluster 2
TCGA-A7-A4SE-01A-11D-A268-05,Cluster 2
TCGA-PL-A8LV-01A-21D-A41Q-05,Cluster 2
TCGA-E9-A5FL-01A-11D-A27Y-05,Cluster 2
TCGA-EW-A1PH-01A-11D-A14N-05,Cluster 2
TCGA-C8-A1HJ-01A-11D-A13K-05,Cluster 2
TCGA-AR-A1AY-01A-21D-A12R-05,Cluster 2
TCGA-BH-A0WA-01A-11D-A10A-05,Cluster 2
TCGA-E2-A1LH-01A-11D-A14H-05,Cluster 1
TCGA-E2-A1LG-01A-21D-A14N-05,Cluster 2
TCGA-AO-A0JL-01A-11D-A10P-05,Cluster 2
TCGA-E9-A22G-01A-11D-A161-05,Cluster 2
TCGA-D8-A1XK-01A-21D-A14N-05,Cluster 2
TCGA-A2-A0YM-01A-11D-A10A-05,Cluster 2
TCGA-OL-A66I-01A-21D-A29O-05,Cluster 1
TCGA-E2-A1LK-01A-21D-A14H-05,Cluster 5
TCGA-AC-A2QH-01B-04D-A22R-05,Cluster 2
TCGA-S3-AA10-01A-21D-A41Q-05,Cluster 2
TCGA-BH-A1F0-01A-11D-A138-05,Cluster 1
TCGA-A2-A4RX-01A-11D-A268-05,Cluster 2
TCGA-A7-A13E-01A-11D-A12R-05,Cluster 2
TCGA-B6-A400-01A-11D-A23D-05,Cluster 2
TCGA-OL-A5RW-01A-11D-A28C-05,Cluster 2
TCGA-AR-A0TP-01A-11D-A10P-05,Cluster 2
TCGA-GM-A2DF-01A-11D-A17Z-05,Cluster 1
TCGA-LL-A8F5-01A-11D-A36K-05,Cluster 2
TCGA-A1-A0SO-01A-22D-A10P-05,Cluster 2
TCGA-AC-A6IW-01A-12D-A33F-05,Cluster 2
TCGA-EW-A1P8-01A-11D-A145-05,Cluster 2
TCGA-B6-A402-01A-11D-A23D-05,Cluster 2
TCGA-AR-A1AQ-01A-11D-A12R-05,Cluster 1
TCGA-A2-A0T0-01A-22D-A10P-05,Cluster 2
TCGA-BH-A1FC-01A-11D-A13K-05,Cluster 1
TCGA-BH-A1F6-01A-11D-A13K-05,Cluster 1
TCGA-S3-AA0Z-01A-11D-A41Q-05,Cluster 2
TCGA-B6-A0RT-01A-21D-A10P-05,Cluster 1
TCGA-OL-A5S0-01A-11D-A28C-05,Cluster 2
TCGA-A1-A0SK-01A-12D-A10P-05,Cluster 2
TCGA-D8-A1XQ-01A-11D-A14N-05,Cluster 2
TCGA-A2-A3XS-01A-11D-A230-05,Cluster 2
TCGA-AO-A128-01A-11D-A10N-05,Cluster 1
TCGA-BH-A5IZ-01A-11D-A27Y-05,Cluster 2
TCGA-AC-A7VC-01A-11D-A357-05,Cluster 2
TCGA-E2-A14N-01A-31D-A138-05,Cluster 2
TCGA-A7-A26G-01A-21D-A16A-05,Cluster 2
TCGA-AR-A1AR-01A-31D-A138-05,Cluster 2
TCGA-OL-A6VO-01A-12D-A33F-05,Cluster 2
TCGA-S3-AA15-01A-11D-A41Q-05,Cluster 1
TCGA-E9-A244-01A-11D-A16A-05,Cluster 2
TCGA-E9-A1N9-01A-11D-A14H-05,Cluster 1
TCGA-AC-A8OQ-01A-11D-A41Q-05,Cluster 2
TCGA-A2-A3XX-01A-21D-A23D-05,Cluster 2
TCGA-E2-A1LL-01A-11D-A145-05,Cluster 4
TCGA-E2-A1LI-01A-12D-A161-05,Cluster 2
TCGA-AQ-A54N-01A-11D-A268-05,Cluster 2
TCGA-EW-A3U0-01A-11D-A22B-05,Cluster 2
TCGA-AR-A1AJ-01A-21D-A12R-05,Cluster 1
TCGA-E2-A1II-01A-11D-A145-05,Cluster 2
TCGA-LL-A5YP-01A-21D-A28C-05,Cluster 2
TCGA-BH-A0RX-01A-21D-A10P-05,Cluster 1
TCGA-PL-A8LZ-01A-31D-A36K-05,Cluster 2
TCGA-LL-A6FR-01A-12D-A31V-05,Cluster 2
TCGA-A1-A0SP-01A-11D-A10P-05,Cluster 2
TCGA-OL-A5D7-01A-11D-A27Y-05,Cluster 1
TCGA-A2-A1G1-01A-21D-A13K-05,Cluster 2
TCGA-E2-A573-01A-11D-A29O-05,Cluster 2
TCGA-AO-A1KR-01A-12D-A145-05,Cluster 2
TCGA-BH-A0B3-01A-11D-A10P-05,Cluster 2
TCGA-EW-A6SB-01A-12D-A32T-05,Cluster 2
TCGA-B6-A0WX-01A-11D-A10A-05,Cluster 2
TCGA-AN-A0XU-01A-11D-A10A-05,Cluster 2
TCGA-E9-A1ND-01A-11D-A145-05,Cluster 1
TCGA-AC-A2BK-01A-11D-A21R-05,Cluster 2
TCGA-AO-A129-01A-21D-A10N-05,Cluster 2
TCGA-EW-A1P4-01A-21D-A145-05,Cluster 2
TCGA-AR-A256-01A-11D-A16A-05,Cluster 2
TCGA-E9-A1N8-01A-11D-A145-05,Cluster 2
TCGA-A7-A13D-01A-13D-A12R-05,Cluster 2
TCGA-LL-A73Y-01A-11D-A33F-05,Cluster 2
TCGA-A7-A6VY-01A-12D-A33F-05,Cluster 2
TCGA-A7-A4SD-01A-11D-A268-05,Cluster 2
TCGA-AR-A1AI-01A-11D-A12R-05,Cluster 2
TCGA-E2-A574-01A-11D-A29O-05,Cluster 2
TCGA-E9-A243-01A-21D-A16A-05,Cluster 2
TCGA-B6-A1KF-01A-11D-A13K-05,Cluster 2
TCGA-AC-A62X-01A-11D-A29O-05,Cluster 2
TCGA-AR-A24Q-01A-12D-A16A-05,Cluster 2
TCGA-AR-A2LR-01A-12D-A18O-05,Cluster 2
TCGA-B6-A409-01A-11D-A244-05,Cluster 2
TCGA-A2-A0SX-01A-12D-A10P-05,Cluster 2
TCGA-GM-A3XL-01A-11D-A230-05,Cluster 2
TCGA-A7-A6VW-01A-21D-A33F-05,Cluster 1
TCGA-E2-A1LS-01A-12D-A161-05,Cluster 2
TCGA-D8-A1JL-01A-11D-A13K-05,Cluster 2
TCGA-D8-A27F-01A-11D-A16G-05,Cluster 2
TCGA-AR-A251-01A-12D-A16A-05,Cluster 2
TCGA-D8-A27H-01A-11D-A16G-05,Cluster 2
TCGA-A2-A4S1-01A-21D-A268-05,Cluster 1
TCGA-B6-A0RE-01A-11D-A10P-05,Cluster 2
TCGA-B6-A0I1-01A-11D-A21R-05,Cluster 2
TCGA-AR-A5QQ-01A-11D-A28C-05,Cluster 1
TCGA-E2-A1B6-01A-31D-A12R-05,Cluster 1
TCGA-E2-A1AZ-01A-11D-A12R-05,Cluster 2
TCGA-BH-A0B9-01A-11D-A10P-05,Cluster 2
TCGA-BH-A0E0-01A-11D-A10P-05,Cluster 2
TCGA-A2-A3XU-01A-12D-A230-05,Cluster 2
TCGA-D8-A1JK-01A-11D-A13K-05,Cluster 4
TCGA-B6-A0RU-01A-11D-A10P-05,Cluster 2
TCGA-GI-A2C9-01A-11D-A21R-05,Cluster 2
TCGA-A2-A3XY-01A-11D-A23D-05,Cluster 2
TCGA-C8-A27B-01A-11D-A16A-05,Cluster 2
TCGA-AC-A2QJ-01A-12D-A19Z-05,Cluster 2
TCGA-A2-A0T2-01A-11D-A10P-05,Cluster 2
TCGA-A2-A0ST-01A-12D-A10P-05,Cluster 1
TCGA-EW-A1PB-01A-11D-A145-05,Cluster 1
TCGA-A7-A5ZV-01A-11D-A28C-05,Cluster 5
TCGA-A2-A25F-01A-11D-A16A-05,Cluster 1
TCGA-AR-A0U4-01A-11D-A10A-05,Cluster 2
TCGA-B6-A3ZX-01A-11D-A23D-05,Cluster 1
TCGA-HN-A2NL-01A-11D-A18O-05,Cluster 2
TCGA-D8-A27M-01A-11D-A16G-05,Cluster 2
TCGA-BH-A18V-01A-11D-A12E-05,Cluster 2
TCGA-AN-A0FX-01A-11D-A032-05,Cluster 2
TCGA-BH-A0BG-01A-11D-A112-05,Cluster 2
TCGA-A8-A08R-01A-11D-A032-05,Cluster 2
TCGA-C8-A131-01A-11D-A112-05,Cluster 2
TCGA-A2-A04T-01A-21D-A032-05,Cluster 2
TCGA-AN-A0AT-01A-11D-A032-05,Cluster 2
TCGA-BH-A18Q-01A-12D-A12E-05,Cluster 2
TCGA-C8-A134-01A-11D-A112-05,Cluster 2
TCGA-E2-A14R-01A-11D-A112-05,Cluster 2
TCGA-D8-A142-01A-11D-A112-05,Cluster 2
TCGA-BH-A18G-01A-11D-A12E-05,Cluster 5
TCGA-C8-A12K-01A-21D-A112-05,Cluster 2
TCGA-A2-A04P-01A-31D-A032-05,Cluster 2
TCGA-E2-A159-01A-11D-A112-05,Cluster 2
TCGA-AN-A0FL-01A-11D-A032-05,Cluster 2
TCGA-A2-A0CM-01A-31D-A032-05,Cluster 5
TCGA-D8-A147-01A-11D-A112-05,Cluster 2
TCGA-AO-A0J6-01A-11D-A032-05,Cluster 2
TCGA-BH-A0E6-01A-11D-A032-05,Cluster 2
TCGA-E2-A150-01A-11D-A12E-05,Cluster 2
TCGA-A7-A0CE-01A-11D-A00Y-05,Cluster 2
TCGA-A8-A07O-01A-11D-A00Y-05,Cluster 2
TCGA-E2-A158-01A-11D-A12E-05,Cluster 2
TCGA-AN-A0AR-01A-11D-A00Y-05,Cluster 2
TCGA-AR-A0TS-01A-11D-A112-05,Cluster 2
TCGA-B6-A0I2-01A-11D-A032-05,Cluster 2
TCGA-AR-A1AH-01A-11D-A12E-05,Cluster 2
TCGA-B6-A0IQ-01A-11D-A032-05,Cluster 2
TCGA-AN-A0G0-01A-11D-A032-05,Cluster 2
TCGA-AO-A0J4-01A-11D-A032-05,Cluster 2
TCGA-AN-A0FJ-01A-11D-A00Y-05,Cluster 2
TCGA-B6-A0I6-01A-11D-A032-05,Cluster 2
TCGA-AN-A0AL-01A-11D-A00Y-05,Cluster 2
TCGA-D8-A143-01A-11D-A112-05,Cluster 2
TCGA-C8-A12V-01A-11D-A112-05,Cluster 2
TCGA-BH-A18T-01A-11D-A12E-05,Cluster 2
TCGA-A8-A07U-01A-11D-A032-05,Cluster 2
TCGA-AQ-A04J-01A-02D-A032-05,Cluster 2
TCGA-BH-A0BW-01A-11D-A112-05,Cluster 2
TCGA-A2-A0D2-01A-21D-A032-05,Cluster 2
TCGA-BH-A0BL-01A-11D-A112-05,Cluster 2
TCGA-E2-A14Y-01A-21D-A12E-05,Cluster 2
TCGA-A8-A07R-01A-21D-A032-05,Cluster 2
TCGA-A8-A07C-01A-11D-A032-05,Cluster 2
TCGA-A2-A0D0-01A-11D-A00Y-05,Cluster 2
TCGA-BH-A0DL-01A-11D-A112-05,Cluster 2
TCGA-AO-A12F-01A-11D-A112-05,Cluster 2
TCGA-AN-A04D-01A-21D-A032-05,Cluster 2
TCGA-A2-A04U-01A-11D-A112-05,Cluster 2
TCGA-A2-A04Q-01A-21D-A032-05,Cluster 1
TCGA-A7-A0DA-01A-31D-A112-05,Cluster 2
TCGA-B6-A0IJ-01A-11D-A032-05,Cluster 2
TCGA-BH-A0AV-01A-31D-A112-05,Cluster 2
TCGA-E2-A14X-01A-11D-A112-05,Cluster 2
TCGA-AR-A1AT-01A-11D-A12R-05,Cluster 5
TCGA-UU-A93S-01A-21D-A41Q-05,Cluster 4
TCGA-D8-A1JG-01B-11D-A13K-05,Cluster 1
TCGA-D8-A1JA-01A-11D-A13K-05,Cluster 4
TCGA-C8-A1HK-01A-21D-A13K-05,Cluster 4
TCGA-BH-A203-01A-12D-A16A-05,Cluster 5
TCGA-JL-A3YW-01A-12D-A23D-05,Cluster 1
TCGA-GM-A2DH-01A-11D-A17Z-05,Cluster 1
TCGA-E9-A248-01A-11D-A16A-05,Cluster 1
TCGA-AR-A254-01A-21D-A16A-05,Cluster 1
TCGA-C8-A26X-01A-31D-A16G-05,Cluster 5
TCGA-C8-A1HF-01A-11D-A138-05,Cluster 1
TCGA-OL-A5RZ-01A-11D-A28C-05,Cluster 4
TCGA-EW-A2FR-01A-11D-A21R-05,Cluster 1
TCGA-C8-A8HP-01A-11D-A36K-05,Cluster 1
TCGA-AR-A24U-01A-11D-A16A-05,Cluster 1
TCGA-A2-A3XZ-01A-42D-A23D-05,Cluster 1
TCGA-EW-A1OV-01A-11D-A145-05,Cluster 1
TCGA-AC-A23H-01A-11D-A161-05,Cluster 5
TCGA-C8-A275-01A-21D-A16G-05,Cluster 5
TCGA-E2-A1LB-01A-11D-A145-05,Cluster 1
TCGA-AO-A0JE-01A-11D-A10P-05,Cluster 5
TCGA-EW-A6SD-01A-12D-A33F-05,Cluster 2
TCGA-E9-A1RH-01A-21D-A16A-05,Cluster 4
TCGA-A2-A3XV-01A-21D-A23D-05,Cluster 5
TCGA-B6-A0RS-01A-11D-A10P-05,Cluster 2
TCGA-BH-A1EV-01A-11D-A138-05,Cluster 3
TCGA-3C-AALI-01A-11D-A41Q-05,Cluster 4
TCGA-AC-A3W5-01A-11D-A22B-05,Cluster 1
TCGA-LL-A5YO-01A-21D-A28C-05,Cluster 1
TCGA-E2-A1B0-01A-11D-A12R-05,Cluster 2
TCGA-A2-A0T1-01A-21D-A10P-05,Cluster 1
TCGA-D8-A1XJ-01A-11D-A14N-05,Cluster 5
TCGA-C8-A26Y-01A-11D-A16G-05,Cluster 1
TCGA-OL-A66P-01A-11D-A31V-05,Cluster 1
TCGA-AC-A5EH-01A-11D-A28C-05,Cluster 4
TCGA-B6-A0IK-01A-12D-A10P-05,Cluster 5
TCGA-BH-A0AW-01A-11D-A10P-05,Cluster 5
TCGA-GM-A2DB-01A-31D-A18O-05,Cluster 1
TCGA-C8-A278-01A-11D-A16A-05,Cluster 1
TCGA-D8-A1XT-01A-11D-A14N-05,Cluster 1
TCGA-AR-A0TX-01A-11D-A10P-05,Cluster 1
TCGA-E2-A1LE-01A-12D-A19Z-05,Cluster 5
TCGA-A7-A4SF-01A-11D-A268-05,Cluster 4
TCGA-D8-A1JF-01A-11D-A13K-05,Cluster 4
TCGA-BH-A1EN-01A-11D-A13K-05,Cluster 5
TCGA-A2-A04X-01A-21D-A032-05,Cluster 3
TCGA-AO-A0J2-01A-11D-A032-05,Cluster 2
TCGA-A8-A08B-01A-11D-A00Y-05,Cluster 3
TCGA-B6-A0I9-01A-11D-A032-05,Cluster 4
TCGA-A8-A08X-01A-21D-A00Y-05,Cluster 2
TCGA-C8-A138-01A-11D-A112-05,Cluster 4
TCGA-E2-A14P-01A-31D-A12E-05,Cluster 3
TCGA-BH-A18R-01A-11D-A12E-05,Cluster 3
TCGA-BH-A0EE-01A-11D-A032-05,Cluster 2
TCGA-C8-A12Z-01A-11D-A112-05,Cluster 3
TCGA-C8-A12L-01A-11D-A112-05,Cluster 4
TCGA-A8-A0A7-01A-11D-A00Y-05,Cluster 1
TCGA-A8-A094-01A-11D-A00Y-05,Cluster 4
TCGA-E2-A152-01A-11D-A12E-05,Cluster 3
TCGA-A8-A08L-01A-11D-A00Y-05,Cluster 5
TCGA-A8-A08J-01A-11D-A00Y-05,Cluster 4
TCGA-BH-A0B7-01A-12D-A112-05,Cluster 2
TCGA-C8-A12P-01A-11D-A112-05,Cluster 4
TCGA-B6-A0RH-01A-21D-A112-05,Cluster 3
TCGA-A2-A04W-01A-31D-A112-05,Cluster 2
TCGA-A8-A07I-01A-11D-A00Y-05,Cluster 5
TCGA-C8-A135-01A-11D-A112-05,Cluster 2
TCGA-C8-A12T-01A-11D-A112-05,Cluster 3
TCGA-C8-A12Q-01A-11D-A112-05,Cluster 3
TCGA-AN-A04C-01A-21D-A032-05,Cluster 4
TCGA-AN-A0FV-01A-11D-A00Y-05,Cluster 3
TCGA-A2-A0D1-01A-11D-A032-05,Cluster 5
TCGA-BH-A18P-01A-11D-A12E-05,Cluster 5
TCGA-A8-A09G-01A-21D-A00Y-05,Cluster 3
TCGA-C8-A137-01A-11D-A112-05,Cluster 5
TCGA-A2-A0EQ-01A-11D-A032-05,Cluster 1
TCGA-A8-A09X-01A-11D-A00Y-05,Cluster 5
TCGA-E2-A14V-01A-11D-A12E-05,Cluster 4
TCGA-AO-A12D-01A-11D-A112-05,Cluster 2
TCGA-D8-A13Z-01A-11D-A112-05,Cluster 2
GSM1712367,Cluster 1
GSM1712370,Cluster 1
GSM1712371,Cluster 5
GSM1712373,Cluster 1
GSM1712374,Cluster 1
GSM1712375,Cluster 1
GSM1712376,Cluster 5
GSM1712377,Cluster 4
GSM1712379,Cluster 3
GSM1712380,Cluster 3
GSM1712381,Cluster 1
GSM1712382,Cluster 5
GSM1712384,Cluster 1
GSM1712386,Cluster 1
GSM1712387,Cluster 1
GSM1712388,Cluster 1
GSM1712389,Cluster 4
GSM1712391,Cluster 1
GSM1712393,Cluster 1
GSM1712394,Cluster 1
GSM1712395,Cluster 4
GSM1712396,Cluster 1
GSM1712397,Cluster 1
GSM1712399,Cluster 1
GSM1712400,Cluster 1
GSM1712401,Cluster 1
GSM1712402,Cluster 1
GSM1712403,Cluster 1
GSM1712404,Cluster 1
GSM1712406,Cluster 4
GSM1712407,Cluster 4
GSM1712408,Cluster 2
GSM1712409,Cluster 1
GSM1712410,Cluster 1
GSM1712413,Cluster 3
GSM1712414,Cluster 1
GSM1712415,Cluster 1
GSM1712416,Cluster 5
GSM1712417,Cluster 1
GSM1712418,Cluster 1
GSM1712421,Cluster 5
GSM1712422,Cluster 1
GSM1712424,Cluster 3
GSM1712425,Cluster 1
GSM1712426,Cluster 1
GSM1712428,Cluster 3
GSM1712429,Cluster 1
GSM1712430,Cluster 1
GSM1712431,Cluster 1
GSM1712432,Cluster 1
GSM1712433,Cluster 1
GSM1712434,Cluster 1
GSM1712437,Cluster 2
GSM1712438,Cluster 1
GSM1712441,Cluster 2
GSM1712443,Cluster 1
GSM1712444,Cluster 1
GSM1712445,Cluster 1
GSM1712446,Cluster 5
GSM1712447,Cluster 1
GSM1712448,Cluster 1
GSM1712451,Cluster 1
GSM1712452,Cluster 2
GSM1712453,Cluster 1
GSM1712454,Cluster 1
GSM1712455,Cluster 1
GSM1712456,Cluster 1
GSM1712458,Cluster 2
GSM1712459,Cluster 1
GSM1712460,Cluster 1
GSM1712461,Cluster 5
GSM1712462,Cluster 4
GSM1712463,Cluster 1
GSM1712465,Cluster 1
GSM1712467,Cluster 4
GSM1712468,Cluster 1
GSM1712469,Cluster 5
GSM1712470,Cluster 1
GSM1712471,Cluster 1
GSM1712474,Cluster 1
GSM1712477,Cluster 1
GSM1712478,Cluster 3
GSM1712479,Cluster 1
GSM1712480,Cluster 5
GSM1712481,Cluster 1
GSM1712482,Cluster 1
GSM1712483,Cluster 1
GSM1712484,Cluster 1
GSM1712485,Cluster 4
GSM1712486,Cluster 1
GSM1712488,Cluster 5
GSM1712491,Cluster 3
GSM1712492,Cluster 1
GSM1712493,Cluster 1
GSM1712494,Cluster 1
GSM1712495,Cluster 4
GSM1712496,Cluster 1
GSM1712497,Cluster 1
GSM1712498,Cluster 1
GSM1712499,Cluster 1
GSM1712501,Cluster 1
GSM1712502,Cluster 5
GSM1712505,Cluster 1
GSM1712506,Cluster 1
GSM1712507,Cluster 1
GSM1712508,Cluster 1
GSM1712509,Cluster 5
GSM1712512,Cluster 1
GSM1712513,Cluster 1
GSM1712514,Cluster 5
GSM1712515,Cluster 1
GSM1712516,Cluster 1
GSM1712517,Cluster 1
GSM1712518,Cluster 1
GSM1712519,Cluster 4
GSM1712521,Cluster 5
GSM1712522,Cluster 1
GSM1712524,Cluster 1
GSM1712525,Cluster 2
GSM1712526,Cluster 1
GSM1712527,Cluster 5
GSM1712529,Cluster 1
GSM1712530,Cluster 1
GSM1712531,Cluster 1
GSM1712532,Cluster 1
GSM1712533,Cluster 3
GSM1712534,Cluster 1
GSM1712536,Cluster 1
GSM1712537,Cluster 5
GSM1712539,Cluster 5
GSM1712540,Cluster 1
GSM1712542,Cluster 1
GSM1712543,Cluster 1
GSM1712544,Cluster 1
GSM1712545,Cluster 1
GSM1712546,Cluster 3
GSM1712547,Cluster 1
GSM1712550,Cluster 1
GSM1712552,Cluster 1
GSM1712553,Cluster 1
GSM1712554,Cluster 4
GSM1712555,Cluster 1
GSM1712556,Cluster 1
GSM1712557,Cluster 3
GSM1712559,Cluster 1
GSM1712561,Cluster 1
GSM1712562,Cluster 1
GSM1712563,Cluster 3
GSM1712564,Cluster 5
GSM1712567,Cluster 2
GSM1712568,Cluster 1
GSM1712569,Cluster 1
GSM1712570,Cluster 1
GSM1712571,Cluster 1
GSM1712573,Cluster 3
GSM1712575,Cluster 5
GSM1712576,Cluster 1
GSM1712577,Cluster 1
GSM1712579,Cluster 3
GSM1712580,Cluster 1
GSM1712582,Cluster 4
GSM1712584,Cluster 1
GSM1712585,Cluster 5
GSM1712586,Cluster 5
GSM1712587,Cluster 1
GSM1712588,Cluster 1
GSM1712589,Cluster 1
GSM1712590,Cluster 1
GSM1712591,Cluster 1
GSM1712592,Cluster 1
GSM1712593,Cluster 4
GSM1712594,Cluster 1
GSM1712596,Cluster 5
GSM1712599,Cluster 1
GSM1712600,Cluster 1
GSM1712601,Cluster 1
GSM1712602,Cluster 1
GSM1712603,Cluster 5
GSM1712604,Cluster 1
GSM1712605,Cluster 1
GSM1712607,Cluster 2
GSM1712608,Cluster 2
GSM1712610,Cluster 1
GSM1712611,Cluster 1
GSM1712612,Cluster 3
GSM1712613,Cluster 1
GSM1712614,Cluster 3
GSM1712617,Cluster 1
GSM1712618,Cluster 1
GSM1712619,Cluster 1
GSM1712621,Cluster 1
GSM1712622,Cluster 1
GSM1712623,Cluster 1
GSM1712624,Cluster 1
GSM1712626,Cluster 1
GSM1712627,Cluster 1
GSM1712628,Cluster 1
GSM1712629,Cluster 1
GSM1712630,Cluster 2
GSM1712631,Cluster 3
GSM1712634,Cluster 1
GSM1712635,Cluster 5
GSM1712637,Cluster 3
GSM1712638,Cluster 1
GSM1712639,Cluster 1
GSM1712640,Cluster 4
GSM1712641,Cluster 1
GSM1712643,Cluster 5
GSM1712645,Cluster 1
GSM1712646,Cluster 1
GSM1712647,Cluster 1
GSM1712651,Cluster 1
GSM1712652,Cluster 1
GSM1712653,Cluster 1
GSM1712654,Cluster 1
GSM1712655,Cluster 5
GSM1712656,Cluster 1
GSM1712657,Cluster 1
GSM1712658,Cluster 5
GSM1712659,Cluster 1
GSM1712662,Cluster 1
GSM1712663,Cluster 3
GSM1712665,Cluster 5
GSM1712666,Cluster 3
GSM1712667,Cluster 1
GSM1712668,Cluster 1
GSM1712669,Cluster 1
GSM1712670,Cluster 1
GSM1712671,Cluster 1
GSM1712673,Cluster 3
GSM1712674,Cluster 1
GSM1712675,Cluster 3
GSM1712676,Cluster 1
GSM1712677,Cluster 1
GSM1712679,Cluster 1
GSM1712680,Cluster 1
GSM1712681,Cluster 1
GSM1712684,Cluster 5
GSM1712685,Cluster 2
GSM1712686,Cluster 1
GSM1712688,Cluster 5
GSM1712689,Cluster 1
GSM1712690,Cluster 2
GSM1712691,Cluster 1
GSM1712692,Cluster 1
GSM1712694,Cluster 1
GSM1712695,Cluster 1
GSM1712696,Cluster 1
GSM1712697,Cluster 1
GSM1712698,Cluster 1
GSM1712699,Cluster 2
GSM1712702,Cluster 1
GSM1712703,Cluster 1
GSM1712704,Cluster 5
GSM1712705,Cluster 1
GSM1712707,Cluster 1
GSM1712709,Cluster 1
GSM1712710,Cluster 5
GSM1712711,Cluster 1
GSM1712712,Cluster 5
GSM1712714,Cluster 1
GSM1712715,Cluster 1
GSM1712716,Cluster 1
GSM1712717,Cluster 4
GSM1712718,Cluster 3
GSM1712719,Cluster 1
GSM1712720,Cluster 1
GSM1712722,Cluster 1
GSM1712725,Cluster 1
GSM1712726,Cluster 1
GSM1712728,Cluster 1
GSM1712729,Cluster 1
GSM1712730,Cluster 1
GSM1712731,Cluster 4
GSM1712732,Cluster 1
GSM1712734,Cluster 5
GSM1712735,Cluster 1
GSM1712736,Cluster 1
GSM1712738,Cluster 1
GSM1712740,Cluster 5
GSM1712741,Cluster 1
GSM1712742,Cluster 1
GSM1712744,Cluster 1
GSM1712746,Cluster 1
GSM1712747,Cluster 1
GSM1712748,Cluster 1
GSM1712749,Cluster 1
GSM1712750,Cluster 5
GSM1712751,Cluster 5
GSM1712753,Cluster 1
GSM1712754,Cluster 1
GSM1712756,Cluster 1
GSM1712758,Cluster 3
GSM1712760,Cluster 1
GSM1712766,Cluster 1
GSM1712767,Cluster 5
GSM1712768,Cluster 1
GSM1712769,Cluster 1
GSM1712770,Cluster 1
GSM1712771,Cluster 1
GSM1712773,Cluster 5
GSM1712774,Cluster 5
GSM1712775,Cluster 5
GSM1712778,Cluster 1
GSM1712779,Cluster 1
GSM1858429,Cluster 1
GSM1858430,Cluster 1
GSM1858431,Cluster 3
GSM1858432,Cluster 5
GSM1858433,Cluster 2
GSM1858434,Cluster 1
GSM1858435,Cluster 1
GSM1858436,Cluster 1
GSM1858437,Cluster 1
GSM1858438,Cluster 2
GSM1858439,Cluster 3
GSM1858440,Cluster 1
GSM1858441,Cluster 1
GSM1858442,Cluster 3
GSM1858443,Cluster 1
GSM1858444,Cluster 4
GSM1858445,Cluster 2
GSM1858446,Cluster 3
GSM1858447,Cluster 3
GSM1858448,Cluster 5
GSM1858449,Cluster 1
GSM1858450,Cluster 5
GSM1858451,Cluster 1
GSM1858452,Cluster 1
GSM1858453,Cluster 1
GSM1858454,Cluster 1
GSM1858455,Cluster 2
GSM1858456,Cluster 3
GSM1858457,Cluster 1
GSM1858458,Cluster 3
GSM1858459,Cluster 4
GSM1858460,Cluster 3
GSM1858461,Cluster 2
GSM1858462,Cluster 2
GSM1858463,Cluster 5
GSM1858464,Cluster 2
GSM1858465,Cluster 2
GSM1858466,Cluster 1
GSM1858467,Cluster 3
GSM1858468,Cluster 1
GSM1858469,Cluster 4
GSM1858470,Cluster 2
GSM1858471,Cluster 3
GSM1858472,Cluster 2
GSM1858473,Cluster 5
GSM1858474,Cluster 5
GSM1858475,Cluster 5
GSM1858476,Cluster 2
GSM1858477,Cluster 1
GSM1858478,Cluster 5
GSM1858479,Cluster 5
GSM1858480,Cluster 3
GSM1858481,Cluster 1
GSM1858482,Cluster 2
GSM1858483,Cluster 3
GSM1858484,Cluster 3
GSM1858485,Cluster 1
GSM1858486,Cluster 4
GSM1858487,Cluster 2
GSM1858488,Cluster 1
GSM1858489,Cluster 1
GSM1858490,Cluster 3
GSM1858491,Cluster 1
GSM1858492,Cluster 1
GSM1858493,Cluster 1
GSM1858494,Cluster 5
GSM1858495,Cluster 5
GSM1858496,Cluster 1
GSM1858497,Cluster 1
GSM1858498,Cluster 1
GSM1858499,Cluster 1
GSM1858500,Cluster 4
GSM1858501,Cluster 1
GSM1858502,Cluster 1
GSM1858503,Cluster 1
GSM1858504,Cluster 1
GSM1858505,Cluster 1
GSM1858506,Cluster 1
GSM1858507,Cluster 5
GSM1858508,Cluster 1
GSM1858509,Cluster 5
GSM1858510,Cluster 2
GSM1858511,Cluster 3
GSM1858512,Cluster 1
GSM1858513,Cluster 2
GSM1858514,Cluster 1
GSM1858515,Cluster 1
GSM1858516,Cluster 4
GSM1858517,Cluster 3
GSM1858518,Cluster 1
GSM1858519,Cluster 1
GSM1858520,Cluster 5
GSM1858521,Cluster 1
GSM1858522,Cluster 1
GSM1858523,Cluster 2
GSM1858524,Cluster 5
GSM1858525,Cluster 3
GSM1858526,Cluster 1
GSM1858527,Cluster 1
GSM1858528,Cluster 5
GSM1858529,Cluster 1
GSM1858530,Cluster 5
GSM1858531,Cluster 1
GSM1858532,Cluster 1
GSM1858533,Cluster 1
GSM1858534,Cluster 4
GSM1858535,Cluster 5
GSM1858536,Cluster 1
GSM1858537,Cluster 1
GSM1858538,Cluster 5
GSM1858539,Cluster 5
GSM1858540,Cluster 1
GSM1858541,Cluster 5
GSM1858542,Cluster 1
GSM1858543,Cluster 2
GSM1858544,Cluster 3
GSM1858545,Cluster 1
GSM1858546,Cluster 5
GSM1941862,Cluster 2
GSM1941863,Cluster 4
GSM1941864,Cluster 2
GSM1941865,Cluster 1
GSM1941866,Cluster 1
GSM1941867,Cluster 1
GSM1941868,Cluster 3
GSM1941869,Cluster 4
GSM1941870,Cluster 4
GSM1941871,Cluster 1
GSM1941872,Cluster 2
GSM1941873,Cluster 1
GSM1941874,Cluster 1
GSM1941875,Cluster 2
GSM1941876,Cluster 2
GSM1941877,Cluster 1
GSM1941878,Cluster 1
GSM1941879,Cluster 1
GSM1941880,Cluster 2
GSM1941881,Cluster 2
GSM1941882,Cluster 1
GSM1941883,Cluster 2
GSM1941884,Cluster 1
GSM1941885,Cluster 1
GSM1941886,Cluster 3
GSM1941887,Cluster 2
GSM1941888,Cluster 2
GSM1941889,Cluster 1
GSM1941890,Cluster 5
GSM1941891,Cluster 1
GSM1941892,Cluster 3
GSM1941893,Cluster 1
GSM1941894,Cluster 2
GSM1941895,Cluster 2
GSM1941896,Cluster 3
GSM1941897,Cluster 1
GSM1941898,Cluster 1
GSM1941899,Cluster 2
GSM1941900,Cluster 2
GSM1941901,Cluster 5
GSM1941902,Cluster 1
GSM1941903,Cluster 5
GSM1941904,Cluster 1
GSM1941905,Cluster 3
GSM1941906,Cluster 3
GSM1941907,Cluster 1
GSM1941908,Cluster 2
GSM1941909,Cluster 3
GSM1941910,Cluster 1
GSM1941911,Cluster 1
GSM1941912,Cluster 5
GSM1941913,Cluster 3
GSM1941914,Cluster 1
GSM1941915,Cluster 1
GSM1941916,Cluster 1
GSM1941917,Cluster 5
GSM1941918,Cluster 4
GSM1941919,Cluster 3
GSM1941920,Cluster 4
GSM1941921,Cluster 1
GSM1941922,Cluster 1
GSM1941923,Cluster 1
GSM1941924,Cluster 2
GSM1941925,Cluster 5
GSM1941926,Cluster 1
GSM1941927,Cluster 4
GSM1941928,Cluster 3
GSM1941929,Cluster 1
GSM1941930,Cluster 4
GSM1941931,Cluster 1
GSM1941932,Cluster 2
GSM1941933,Cluster 1
GSM1941934,Cluster 1
GSM1941935,Cluster 1
GSM1941936,Cluster 1
GSM1941937,Cluster 2
GSM1941938,Cluster 1
GSM1941939,Cluster 1
GSM1941940,Cluster 1
GSM1941941,Cluster 2
GSM1941942,Cluster 3
GSM1941943,Cluster 4
GSM1941944,Cluster 4
GSM1941945,Cluster 1
GSM1941946,Cluster 1
GSM1941947,Cluster 2
GSM1941948,Cluster 1
GSM1941949,Cluster 5
GSM1941950,Cluster 1
GSM1941951,Cluster 2
GSM1941952,Cluster 5
GSM1941953,Cluster 3
GSM1941954,Cluster 1
GSM1941955,Cluster 1
GSM1941956,Cluster 2
GSM1941957,Cluster 1
GSM1941958,Cluster 3
GSM1941959,Cluster 2
GSM1941960,Cluster 2
GSM1941961,Cluster 4
GSM1941962,Cluster 3
GSM1941963,Cluster 1
GSM1941964,Cluster 1
GSM1941965,Cluster 5
GSM1941966,Cluster 5
GSM1941967,Cluster 1
GSM1941968,Cluster 1
GSM1941969,Cluster 1
GSM1941970,Cluster 1
GSM1941971,Cluster 1
GSM1941972,Cluster 1
GSM1941973,Cluster 2
GSM1941974,Cluster 3
GSM1941975,Cluster 3
GSM1941976,Cluster 5
GSM1941977,Cluster 5
GSM1941978,Cluster 1
GSM1941979,Cluster 2
GSM1941980,Cluster 1
GSM1941981,Cluster 1
GSM1941982,Cluster 1
GSM1941983,Cluster 5
GSM1941984,Cluster 1
GSM1941985,Cluster 5
GSM1941986,Cluster 2
GSM1941987,Cluster 2
GSM1941988,Cluster 1
GSM1941989,Cluster 1
GSM1941990,Cluster 3
GSM1941991,Cluster 1
GSM1941992,Cluster 2
GSM1941993,Cluster 1
GSM1941994,Cluster 5
GSM1941995,Cluster 3
GSM1941996,Cluster 1
GSM1941997,Cluster 3
GSM1941998,Cluster 2
GSM1941999,Cluster 3
GSM1942000,Cluster 1
GSM1942001,Cluster 2
GSM1942002,Cluster 1
GSM1942003,Cluster 2
GSM1942004,Cluster 1
GSM1942005,Cluster 5
GSM1942006,Cluster 1
GSM1942007,Cluster 2
GSM1942008,Cluster 5
GSM1942009,Cluster 5
GSM1942010,Cluster 5
GSM1942011,Cluster 2
GSM1942012,Cluster 2
GSM1942013,Cluster 1
GSM1942014,Cluster 2
GSM1942015,Cluster 1
GSM1942016,Cluster 1
GSM1942017,Cluster 3
GSM1942018,Cluster 4
GSM1942019,Cluster 1
GSM1942020,Cluster 5
GSM1942021,Cluster 2
GSM1942022,Cluster 1
GSM1942023,Cluster 5
GSM1942024,Cluster 1
GSM1942025,Cluster 5
GSM1942026,Cluster 1
GSM1942027,Cluster 1
GSM1942028,Cluster 1
GSM1942029,Cluster 3
GSM1942030,Cluster 1
GSM1942031,Cluster 1
GSM1942032,Cluster 5
GSM1942033,Cluster 1
GSM1942034,Cluster 1
GSM1942035,Cluster 1
GSM1942036,Cluster 1
GSM1942037,Cluster 5
GSM1942038,Cluster 1
GSM1942039,Cluster 5
GSM1942040,Cluster 5
GSM1942041,Cluster 2
GSM1942042,Cluster 1
GSM1942043,Cluster 1
GSM1942044,Cluster 1
GSM1942045,Cluster 1
GSM1942046,Cluster 3
GSM1942047,Cluster 1
GSM1942048,Cluster 1
GSM1942049,Cluster 4
