,1701,1045,2113,2275,874,119,2540,268,190,265,359,716,855,444,38,247,84,729,948,1326,1087,222,2012,75,51,657,1184,100,21,2895
1701,1.0,-0.8290947134572414,0.9639864873028895,-0.8541084662819348,0.927523879909055,0.9330504438749342,-0.8419363310533018,-0.837252523804782,0.9305108412256701,-0.8030599670376631,0.9190442283342493,0.918663899019199,0.9191231135089611,-0.7430166135233355,0.9313312887073789,0.9018359413355399,0.8780140768372156,0.879881087541175,0.8805634012509689,0.895525057917412,0.8853038030570505,0.8871289948987124,0.8501878869869877,0.833774284794091,0.8778521400172964,-0.6821597566447913,0.8985274859975343,0.8986595631122368,0.8329244636953899,0.8254255806566885
1045,-0.8290947134572414,1.0,-0.8084524214762666,0.9168954406174487,-0.8288517184547096,-0.8178056616500973,0.9184796021409547,0.9270853080667452,-0.8222689931682383,0.8937329200750131,-0.7807051168007506,-0.8010045082599583,-0.7351101802290142,0.8744944508862708,-0.7896685836597416,-0.7236211378380935,-0.7898949618899888,-0.7854418865806508,-0.7848560324729155,-0.7587101107322863,-0.7429000912318157,-0.7484936473129946,-0.7480724865870899,-0.7635745344767795,-0.6560998725198911,0.8612468801816137,-0.7093972936552015,-0.7248107346056901,-0.7484266365791944,-0.7431704951669637
2113,0.9639864873028895,-0.8084524214762666,1.0,-0.8468701265315425,0.9213409764689722,0.9263437457597482,-0.847680157837013,-0.8453374209186539,0.9500929747891037,-0.7830742413655801,0.8931310039707853,0.9425589545158916,0.8979209173345866,-0.6996895562833917,0.9308367286595811,0.869280460267218,0.9077901054380911,0.9061464138380572,0.9094320420191327,0.8910134647826998,0.8588971297045875,0.8801898077298861,0.8300872361704081,0.8652518999452664,0.8841921192877169,-0.6483004480761253,0.8934986255508247,0.9180244152393381,0.827852133073179,0.8137826566221396
2275,-0.8541084662819348,0.9168954406174487,-0.8468701265315425,1.0,-0.8106057369417909,-0.8008518071163039,0.9605479686442541,0.9308624218943025,-0.8561281628545545,0.9221079729718281,-0.7335949043510313,-0.8415542657088785,-0.8001862134546721,0.7920029181959349,-0.8609454360412753,-0.75696949824168,-0.7987531559277973,-0.7847852855397727,-0.7892524226984313,-0.839096395322498,-0.786145971738275,-0.7431967439310844,-0.7048534103741504,-0.7440535785884526,-0.7488028688649243,0.7806232456555171,-0.7590150269313709,-0.8297726676480094,-0.7186183872731547,-0.6944273040477678
874,0.927523879909055,-0.8288517184547096,0.9213409764689722,-0.8106057369417909,1.0,0.9432716456695937,-0.8288937998074432,-0.8651861888930888,0.9438699508431123,-0.7573696314397426,0.9119573208976225,0.930848931745591,0.813915685322519,-0.7486378549092942,0.9014961465962948,0.7931766614248417,0.9227423341238229,0.9349275407354967,0.9296614876338026,0.8262031625560124,0.8409655233067069,0.875087181226592,0.8626372810821353,0.9110284757257346,0.7568703146627943,-0.7096894449985176,0.8539402251397509,0.8431253869284036,0.8280042583412438,0.8348309856457973
119,0.9330504438749342,-0.8178056616500973,0.9263437457597482,-0.8008518071163039,0.9432716456695937,1.0,-0.8123075871844367,-0.8372794669806519,0.9105987231990049,-0.7583388782111509,0.9114139625925946,0.8989274671650876,0.8415737786790316,-0.742581842327146,0.8787609861146816,0.8299138415566267,0.884280587344568,0.897527618101169,0.890979299724638,0.8283984267962939,0.8419301507887337,0.8838925500591014,0.8639332814746639,0.8632292174021251,0.8079629306342382,-0.6831833890043233,0.8493563983584662,0.8330495966926001,0.8492706385074369,0.8272136909109419
2540,-0.8419363310533018,0.9184796021409547,-0.847680157837013,0.9605479686442541,-0.8288937998074432,-0.8123075871844367,1.0,0.9669635693541652,-0.8783815595349053,0.9132607506396574,-0.7378141501393198,-0.8690148477731395,-0.7533948748801966,0.7999426138130441,-0.8582319526900053,-0.7081653377709022,-0.8393833262572776,-0.8226070123678728,-0.8286539008788336,-0.8000018471352529,-0.7623860487679817,-0.742803915204548,-0.7098944230264714,-0.7929009314700322,-0.7028275335369626,0.8174446369816755,-0.7492475007079528,-0.8298492612639489,-0.7155106169306751,-0.703166614794109
268,-0.837252523804782,0.9270853080667452,-0.8453374209186539,0.9308624218943025,-0.8651861888930888,-0.8372794669806519,0.9669635693541652,1.0,-0.8931828070872774,0.8806106212499162,-0.7635355085364731,-0.8828741952288636,-0.7199047155974184,0.8085964424730557,-0.8425140121874817,-0.6833120635014546,-0.8736506017286131,-0.8552619684861709,-0.8691553967111826,-0.772895692827796,-0.7449601331270652,-0.7458342586369892,-0.7392384580781544,-0.8461732843411957,-0.6579977692716968,0.8207218437909659,-0.7403049356426135,-0.8028837947768848,-0.7259954704910422,-0.7376299921434255
190,0.9305108412256701,-0.8222689931682383,0.9500929747891037,-0.8561281628545545,0.9438699508431123,0.9105987231990049,-0.8783815595349053,-0.8931828070872774,1.0,-0.7735242743431942,0.8538972956689956,0.980561540227481,0.8259073635283005,-0.6867293331605637,0.9351988843858602,0.7865107462301427,0.9623939233972179,0.9465253119770701,0.9600466728024889,0.8701051436605971,0.8228459104494941,0.8297340583547524,0.7983375504958864,0.9271523882417203,0.8052393088714295,-0.6858820813853348,0.8631153338752523,0.9261300058233369,0.7958705833155911,0.8013081050767193
265,-0.8030599670376631,0.8937329200750131,-0.7830742413655801,0.9221079729718281,-0.7573696314397426,-0.7583388782111509,0.9132607506396574,0.8806106212499162,-0.7735242743431942,1.0,-0.717824744084966,-0.763890144616802,-0.7533960553801703,0.8327107932001535,-0.7893741530780704,-0.7258672820821352,-0.7310291223788213,-0.7271025837655455,-0.7160959365940964,-0.7686299214523094,-0.7440891324700128,-0.7228817976486941,-0.6759524100184727,-0.6840275159266807,-0.6944506362825417,0.8186787455423974,-0.7068526218001681,-0.7403351425537048,-0.6804944878289758,-0.6696599979528741
359,0.9190442283342493,-0.7807051168007506,0.8931310039707853,-0.7335949043510313,0.9119573208976225,0.9114139625925946,-0.7378141501393198,-0.7635355085364731,0.8538972956689956,-0.717824744084966,1.0,0.8408658259006971,0.8346029957756156,-0.7675340702708581,0.8322942850329685,0.8517158705999814,0.8393995754922094,0.8409505587332514,0.8505433563614158,0.800642094768038,0.8163101070657923,0.883844496766055,0.85858145012339,0.8291222816036856,0.7721829486083919,-0.6609727680877248,0.837077879249852,0.7696552204000395,0.7866750440500093,0.8540902032529302
716,0.918663899019199,-0.8010045082599583,0.9425589545158916,-0.8415542657088785,0.930848931745591,0.8989274671650876,-0.8690148477731395,-0.8828741952288636,0.980561540227481,-0.763890144616802,0.8408658259006971,1.0,0.8076557923175561,-0.6716722643197771,0.9233424981795996,0.7724840455428557,0.9707809590631774,0.9479380579848057,0.9688860482818934,0.8459090606706157,0.8073426126186559,0.8182396689933626,0.7906789527548633,0.9362240444512404,0.7945167581693029,-0.6740386112376098,0.854650038005155,0.9210887154063163,0.7810023944705937,0.7963245202760593
855,0.9191231135089611,-0.7351101802290142,0.8979209173345866,-0.8001862134546721,0.813915685322519,0.8415737786790316,-0.7533948748801966,-0.7199047155974184,0.8259073635283005,-0.7533960553801703,0.8346029957756156,0.8076557923175561,1.0,-0.6450462262957342,0.8749506794055113,0.925903419269565,0.7452265094740678,0.7520695683923627,0.7458287033429953,0.8910582543405248,0.8662778238635709,0.8479116052730296,0.7313384828131009,0.6782863279076166,0.9228146063678391,-0.5471208369494825,0.871005240169942,0.8560057380631662,0.7909079697497576,0.7274302640472899
444,-0.7430166135233355,0.8744944508862708,-0.6996895562833917,0.7920029181959349,-0.7486378549092942,-0.742581842327146,0.7999426138130441,0.8085964424730557,-0.6867293331605637,0.8327107932001535,-0.7675340702708581,-0.6716722643197771,-0.6450462262957342,1.0,-0.6637122224384158,-0.6546937581688862,-0.6599243452287454,-0.6691838514336592,-0.6562766697512437,-0.6364378816052967,-0.702111664464687,-0.6962977020943042,-0.7085184461453828,-0.6505892986427445,-0.5348069722828328,0.882996411696727,-0.6182363080404965,-0.569841919942936,-0.6808657203501113,-0.711538026195711
38,0.9313312887073789,-0.7896685836597416,0.9308367286595811,-0.8609454360412753,0.9014961465962948,0.8787609861146816,-0.8582319526900053,-0.8425140121874817,0.9351988843858602,-0.7893741530780704,0.8322942850329685,0.9233424981795996,0.8749506794055113,-0.6637122224384158,1.0,0.8137107850060948,0.8692001168278327,0.8716102268172762,0.8682168992321057,0.9054772976661237,0.8454456797103581,0.8340802426107993,0.7568461707150177,0.808366106095838,0.8496390933815755,-0.6298629133989386,0.887164340456748,0.9527109765248553,0.771621377826794,0.7215344999728485
247,0.9018359413355399,-0.7236211378380935,0.869280460267218,-0.75696949824168,0.7931766614248417,0.8299138415566267,-0.7081653377709022,-0.6833120635014546,0.7865107462301427,-0.7258672820821352,0.8517158705999814,0.7724840455428557,0.925903419269565,-0.6546937581688862,0.8137107850060948,1.0,0.7327395973995113,0.7247808527622945,0.7335671973222372,0.8399597574503089,0.8294663626254264,0.8269939790334871,0.7476465344201155,0.6797718829627327,0.8901471166843672,-0.5410153605267752,0.8226707798063396,0.7743201396489804,0.7824156612626155,0.7630078944894122
84,0.8780140768372156,-0.7898949618899888,0.9077901054380911,-0.7987531559277973,0.9227423341238229,0.884280587344568,-0.8393833262572776,-0.8736506017286131,0.9623939233972179,-0.7310291223788213,0.8393995754922094,0.9707809590631774,0.7452265094740678,-0.6599243452287454,0.8692001168278327,0.7327395973995113,1.0,0.9438982134017965,0.9854560320007155,0.7888557747072742,0.7611306912077335,0.7944564137882952,0.7802841643983707,0.9779861753731317,0.7274832476637558,-0.6746959413994258,0.8092048166065514,0.8579748814604423,0.7688258150067656,0.8123086288020606
729,0.879881087541175,-0.7854418865806508,0.9061464138380572,-0.7847852855397727,0.9349275407354967,0.897527618101169,-0.8226070123678728,-0.8552619684861709,0.9465253119770701,-0.7271025837655455,0.8409505587332514,0.9479380579848057,0.7520695683923627,-0.6691838514336592,0.8716102268172762,0.7247808527622945,0.9438982134017965,1.0,0.9480682601900456,0.8061893823018157,0.7769663132695266,0.8141941444387922,0.8023170992768033,0.9273031611307323,0.7355295829739681,-0.6749891684785462,0.8139667593075611,0.8523633201916487,0.7625678590023307,0.7937768762307039
948,0.8805634012509689,-0.7848560324729155,0.9094320420191327,-0.7892524226984313,0.9296614876338026,0.890979299724638,-0.8286539008788336,-0.8691553967111826,0.9600466728024889,-0.7160959365940964,0.8505433563614158,0.9688860482818934,0.7458287033429953,-0.6562766697512437,0.8682168992321057,0.7335671973222372,0.9854560320007155,0.9480682601900456,1.0,0.7864538044667063,0.7652150822343226,0.8041725535422707,0.7858180705102913,0.9787734994144026,0.7334104685904372,-0.6569658039711741,0.817801495179602,0.855438959193449,0.7703238694733678,0.8170462529611453
1326,0.895525057917412,-0.7587101107322863,0.8910134647826998,-0.839096395322498,0.8262031625560124,0.8283984267962939,-0.8000018471352529,-0.772895692827796,0.8701051436605971,-0.7686299214523094,0.800642094768038,0.8459090606706157,0.8910582543405248,-0.6364378816052967,0.9054772976661237,0.8399597574503089,0.7888557747072742,0.8061893823018157,0.7864538044667063,1.0,0.833957887260586,0.7953223452395783,0.712069181742693,0.7259538057860887,0.8716514597437705,-0.5818079537643992,0.851336582902555,0.8826428172340219,0.7544898233263739,0.6873417348822048
1087,0.8853038030570505,-0.7429000912318157,0.8588971297045875,-0.786145971738275,0.8409655233067069,0.8419301507887337,-0.7623860487679817,-0.7449601331270652,0.8228459104494941,-0.7440891324700128,0.8163101070657923,0.8073426126186559,0.8662778238635709,-0.702111664464687,0.8454456797103581,0.8294663626254264,0.7611306912077335,0.7769663132695266,0.7652150822343226,0.833957887260586,1.0,0.8237575341938761,0.7627315880543958,0.7179949444047009,0.825232603631579,-0.6146144646800658,0.8179942638811867,0.8062971757301982,0.7632586465720572,0.7171281102181439
222,0.8871289948987124,-0.7484936473129946,0.8801898077298861,-0.7431967439310844,0.875087181226592,0.8838925500591014,-0.742803915204548,-0.7458342586369892,0.8297340583547524,-0.7228817976486941,0.883844496766055,0.8182396689933626,0.8479116052730296,-0.6962977020943042,0.8340802426107993,0.8269939790334871,0.7944564137882952,0.8141941444387922,0.8041725535422707,0.7953223452395783,0.8237575341938761,1.0,0.8113360357060966,0.7653646585251056,0.807338932236385,-0.6105031304776066,0.81602116233694,0.784428344276568,0.8031941968287882,0.7854382967246403
2012,0.8501878869869877,-0.7480724865870899,0.8300872361704081,-0.7048534103741504,0.8626372810821353,0.8639332814746639,-0.7098944230264714,-0.7392384580781544,0.7983375504958864,-0.6759524100184727,0.85858145012339,0.7906789527548633,0.7313384828131009,-0.7085184461453828,0.7568461707150177,0.7476465344201155,0.7802841643983707,0.8023170992768033,0.7858180705102913,0.712069181742693,0.7627315880543958,0.8113360357060966,1.0,0.7774454786087155,0.6817831771531868,-0.6495895540473858,0.7483255302285073,0.6884811951215075,0.7252551581251938,0.7884451690399576
75,0.833774284794091,-0.7635745344767795,0.8652518999452664,-0.7440535785884526,0.9110284757257346,0.8632292174021251,-0.7929009314700322,-0.8461732843411957,0.9271523882417203,-0.6840275159266807,0.8291222816036856,0.9362240444512404,0.6782863279076166,-0.6505892986427445,0.808366106095838,0.6797718829627327,0.9779861753731317,0.9273031611307323,0.9787734994144026,0.7259538057860887,0.7179949444047009,0.7653646585251056,0.7774454786087155,1.0,0.6557688464390358,-0.665278259815267,0.7586203927342865,0.7857495320706428,0.7459561973401531,0.8145074141648053
51,0.8778521400172964,-0.6560998725198911,0.8841921192877169,-0.7488028688649243,0.7568703146627943,0.8079629306342382,-0.7028275335369626,-0.6579977692716968,0.8052393088714295,-0.6944506362825417,0.7721829486083919,0.7945167581693029,0.9228146063678391,-0.5348069722828328,0.8496390933815755,0.8901471166843672,0.7274832476637558,0.7355295829739681,0.7334104685904372,0.8716514597437705,0.825232603631579,0.807338932236385,0.6817831771531868,0.6557688464390358,1.0,-0.4532694918947566,0.8504587075691853,0.8647235220452815,0.7485200349594651,0.6605835503022843
657,-0.6821597566447913,0.8612468801816137,-0.6483004480761253,0.7806232456555171,-0.7096894449985176,-0.6831833890043233,0.8174446369816755,0.8207218437909659,-0.6858820813853348,0.8186787455423974,-0.6609727680877248,-0.6740386112376098,-0.5471208369494825,0.882996411696727,-0.6298629133989386,-0.5410153605267752,-0.6746959413994258,-0.6749891684785462,-0.6569658039711741,-0.5818079537643992,-0.6146144646800658,-0.6105031304776066,-0.6495895540473858,-0.665278259815267,-0.4532694918947566,1.0,-0.5469450813357538,-0.5576645766261838,-0.6251210533281836,-0.6559873083753418
1184,0.8985274859975343,-0.7093972936552015,0.8934986255508247,-0.7590150269313709,0.8539402251397509,0.8493563983584662,-0.7492475007079528,-0.7403049356426135,0.8631153338752523,-0.7068526218001681,0.837077879249852,0.854650038005155,0.871005240169942,-0.6182363080404965,0.887164340456748,0.8226707798063396,0.8092048166065514,0.8139667593075611,0.817801495179602,0.851336582902555,0.8179942638811867,0.81602116233694,0.7483255302285073,0.7586203927342865,0.8504587075691853,-0.5469450813357538,1.0,0.8764978982239586,0.7790638746314583,0.7365961519311799
100,0.8986595631122368,-0.7248107346056901,0.9180244152393381,-0.8297726676480094,0.8431253869284036,0.8330495966926001,-0.8298492612639489,-0.8028837947768848,0.9261300058233369,-0.7403351425537048,0.7696552204000395,0.9210887154063163,0.8560057380631662,-0.569841919942936,0.9527109765248553,0.7743201396489804,0.8579748814604423,0.8523633201916487,0.855438959193449,0.8826428172340219,0.8062971757301982,0.784428344276568,0.6884811951215075,0.7857495320706428,0.8647235220452815,-0.5576645766261838,0.8764978982239586,1.0,0.7342420961013085,0.6719243357847456
21,0.8329244636953899,-0.7484266365791944,0.827852133073179,-0.7186183872731547,0.8280042583412438,0.8492706385074369,-0.7155106169306751,-0.7259954704910422,0.7958705833155911,-0.6804944878289758,0.7866750440500093,0.7810023944705937,0.7909079697497576,-0.6808657203501113,0.771621377826794,0.7824156612626155,0.7688258150067656,0.7625678590023307,0.7703238694733678,0.7544898233263739,0.7632586465720572,0.8031941968287882,0.7252551581251938,0.7459561973401531,0.7485200349594651,-0.6251210533281836,0.7790638746314583,0.7342420961013085,1.0,0.7512135192523575
2895,0.8254255806566885,-0.7431704951669637,0.8137826566221396,-0.6944273040477678,0.8348309856457973,0.8272136909109419,-0.703166614794109,-0.7376299921434255,0.8013081050767193,-0.6696599979528741,0.8540902032529302,0.7963245202760593,0.7274302640472899,-0.711538026195711,0.7215344999728485,0.7630078944894122,0.8123086288020606,0.7937768762307039,0.8170462529611453,0.6873417348822048,0.7171281102181439,0.7854382967246403,0.7884451690399576,0.8145074141648053,0.6605835503022843,-0.6559873083753418,0.7365961519311799,0.6719243357847456,0.7512135192523575,1.0
