,x,y,Batch,subtype
TCGA-A2-A0YK-01A-22D-A10A-05,3.1480575,0.26617026,Source,Normal-like
TCGA-BH-A208-01A-11D-A161-05,-0.52468187,-0.648248,Source,Normal-like
TCGA-LL-A441-01A-11D-A244-05,-0.13097732,0.96255803,Source,Normal-like
TCGA-AO-A0JB-01A-11D-A10P-05,4.6409864,-2.806017,Source,Normal-like
TCGA-AC-A2FK-01A-12D-A17Z-05,1.718059,-2.4065697,Source,Normal-like
TCGA-C8-A8HR-01A-11D-A36K-05,2.563613,-1.4655793,Source,Normal-like
TCGA-LD-A9QF-01A-32D-A41Q-05,1.6033463,1.1425822,Source,Normal-like
TCGA-EW-A1P1-01A-31D-A14H-05,1.9136356,-0.43255517,Source,Normal-like
TCGA-BH-A28O-01A-11D-A22B-05,1.9101676,-2.3280346,Source,Normal-like
TCGA-A2-A1G6-01A-11D-A13K-05,1.6534399,-2.3356116,Source,Normal-like
TCGA-E2-A108-01A-13D-A10N-05,1.4376459,0.4680208,Source,Normal-like
TCGA-BH-A1FU-01A-11D-A14H-05,1.5403413,0.44693932,Source,Normal-like
TCGA-A2-A4RY-01A-31D-A268-05,2.7167578,-1.0245991,Source,Normal-like
TCGA-OL-A5D6-01A-21D-A27Y-05,3.1761637,1.7681172,Source,Normal-like
TCGA-EW-A1PG-01A-11D-A145-05,2.9373426,-1.7171818,Source,Normal-like
TCGA-AR-A1AO-01A-11D-A12R-05,0.21224874,-0.020966096,Source,Normal-like
TCGA-BH-A6R9-01A-21D-A32T-05,1.6493818,-0.9129389,Source,Normal-like
TCGA-A2-A25A-01A-12D-A16G-05,4.821613,0.3418349,Source,Normal-like
TCGA-A1-A0SB-01A-11D-A145-05,1.6342281,-2.3915162,Source,Normal-like
TCGA-OL-A5RY-01A-21D-A28C-05,1.5044327,1.0709567,Source,Normal-like
TCGA-BH-A42U-01A-12D-A244-05,2.3703601,-1.5285546,Source,Normal-like
TCGA-AR-A2LQ-01A-22D-A18O-05,2.594986,-1.1648453,Source,Normal-like
TCGA-OL-A97C-01A-32D-A41Q-05,1.5424646,-2.1051419,Source,Normal-like
TCGA-AO-A03U-01B-21D-A10N-05,0.21187533,-0.5392267,Source,Normal-like
TCGA-A2-A3XW-01A-11D-A23D-05,1.9564899,-1.9737812,Source,Normal-like
TCGA-AO-A1KO-01A-31D-A13K-05,1.5924336,-2.3608646,Source,Normal-like
TCGA-PL-A8LY-01A-11D-A41Q-05,1.7367034,-2.412073,Source,Normal-like
TCGA-BH-A8FZ-01A-11D-A357-05,2.4645922,-1.4959842,Source,Normal-like
TCGA-LL-A73Z-01A-11D-A32T-05,2.5008097,-1.3172811,Source,Normal-like
TCGA-D8-A1XW-01A-11D-A14N-05,-1.0123496,-0.70236254,Source,Normal-like
TCGA-AR-A2LH-01A-31D-A18O-05,2.3634956,0.49566868,Source,Normal-like
TCGA-AC-A3YI-01A-21D-A23D-05,2.5752287,-1.3054125,Source,Normal-like
TCGA-GM-A2DD-01A-11D-A17Z-05,2.7365608,1.3739339,Source,Normal-like
TCGA-EW-A1P7-01A-21D-A145-05,0.19229794,0.3459496,Source,Normal-like
TCGA-A8-A08H-01A-21D-A00Y-05,0.36365524,0.07795413,Source,Normal-like
TCGA-A2-A0CL-01A-11D-A112-05,0.6954386,0.4085623,Source,Normal-like
TCGA-AO-A03T-01A-21D-A032-05,4.2818565,-2.9210417,Source,Normal-like
TCGA-B6-A0RQ-01A-11D-A112-05,2.0919595,-2.6629934,Source,Normal-like
TCGA-AO-A03R-01A-21D-A032-05,4.3069987,-3.2769568,Source,Normal-like
TCGA-A2-A0CZ-01A-11D-A032-05,2.5870094,-2.770996,Source,Normal-like
TCGA-E2-A1IH-01A-11D-A13K-05,3.488619,-0.12260985,Source,LumA
TCGA-AO-A0JI-01A-21D-A10P-05,5.7165375,2.8259914,Source,LumA
TCGA-LL-A740-01A-21D-A32T-05,3.1208346,1.782374,Source,LumA
TCGA-BH-A1EO-01A-11D-A138-05,5.2003,0.9864439,Source,LumA
TCGA-D8-A27G-01A-11D-A16G-05,6.1589947,1.5958368,Source,LumA
TCGA-D8-A73U-01A-11D-A33F-05,3.9635038,-1.0967008,Source,LumA
TCGA-E9-A3X8-01A-31D-A230-05,3.1260264,-0.7258192,Source,LumA
TCGA-AC-A3HN-01A-11D-A212-05,2.8988113,-1.1034703,Source,LumA
TCGA-GM-A2DK-01A-21D-A17Z-05,3.435164,-0.021395883,Source,LumA
TCGA-AO-A0JG-01A-31D-A10P-05,4.6825404,-0.22144887,Source,LumA
TCGA-AR-A5QM-01A-11D-A27Y-05,5.6005015,1.5790708,Source,LumA
TCGA-A2-A0EU-01A-22D-A10P-05,4.453457,-2.4882302,Source,LumA
TCGA-BH-A0GZ-01A-11D-A10P-05,4.5525646,1.5440018,Source,LumA
TCGA-AC-A3TN-01A-11D-A22B-05,4.7764077,0.10175766,Source,LumA
TCGA-D8-A1JN-01A-11D-A13K-05,5.652407,0.5684818,Source,LumA
TCGA-BH-A2L8-01A-11D-A18O-05,3.2350602,0.16456954,Source,LumA
TCGA-OL-A6VQ-01A-12D-A41Q-05,4.170481,-0.3672947,Source,LumA
TCGA-B6-A401-01A-11D-A23D-05,3.8226135,0.020805942,Source,LumA
TCGA-BH-A1EY-01A-11D-A13K-05,4.0516872,1.2069974,Source,LumA
TCGA-AN-A0XT-01A-11D-A10A-05,4.157774,-2.920692,Source,LumA
TCGA-BH-A0BJ-01A-11D-A10P-05,2.690766,-1.6920848,Source,LumA
TCGA-E2-A3DX-01A-21D-A212-05,3.019139,-1.4432917,Source,LumA
TCGA-MS-A51U-01A-31D-A268-05,3.2379992,-1.248324,Source,LumA
TCGA-E2-A1BC-01A-11D-A12R-05,4.1889944,-0.49103442,Source,LumA
TCGA-BH-A0W5-01A-11D-A10A-05,2.8923926,-0.74682283,Source,LumA
TCGA-AC-A6NO-01A-12D-A33F-05,4.3607936,-2.281111,Source,LumA
TCGA-GM-A2DI-01A-31D-A18O-05,1.5453866,0.33688644,Source,LumA
TCGA-BH-A1FL-01A-11D-A13K-05,4.505334,-0.2679809,Source,LumA
TCGA-D8-A1JB-01A-11D-A13K-05,3.1424732,-0.28928727,Source,LumA
TCGA-BH-A0DI-01A-21D-A12R-05,4.2266383,1.7430352,Source,LumA
TCGA-BH-A1FE-01A-11D-A13K-05,3.6589246,0.4118864,Source,LumA
TCGA-A7-A26E-01B-06D-A27B-05,4.347722,0.92366374,Source,LumA
TCGA-BH-AB28-01A-31D-A41Q-05,5.0564785,1.9972793,Source,LumA
TCGA-D8-A27V-01A-12D-A17F-05,5.351479,-1.2785347,Source,LumA
TCGA-A7-A4SB-01A-21D-A268-05,4.3474946,-1.7704166,Source,LumA
TCGA-A7-A26E-01A-11D-A16A-05,4.3212075,0.7662668,Source,LumA
TCGA-BH-A0DK-01A-21D-A10P-05,5.928033,2.2157354,Source,LumA
TCGA-D8-A1XD-01A-11D-A14H-05,4.430251,0.55558836,Source,LumA
TCGA-BH-A0DP-01A-21D-A10P-05,4.687478,0.7380696,Source,LumA
TCGA-E2-A1L8-01A-11D-A13K-05,4.831104,-1.5046694,Source,LumA
TCGA-BH-A8G0-01A-11D-A357-05,3.1569486,-1.2798264,Source,LumA
TCGA-BH-A1EX-01A-11D-A13K-05,4.859514,-2.194198,Source,LumA
TCGA-EW-A1J3-01A-11D-A13K-05,4.494764,-0.5061947,Source,LumA
TCGA-E9-A1NH-01A-11D-A14H-05,3.6377017,-0.7312574,Source,LumA
TCGA-A2-A0EN-01A-13D-A10P-05,3.7005236,0.8412942,Source,LumA
TCGA-BH-A0E2-01A-11D-A10P-05,4.574591,1.6570508,Source,LumA
TCGA-D8-A1Y0-01A-11D-A14N-05,5.010709,-0.030442923,Source,LumA
TCGA-AR-A2LO-01A-31D-A18O-05,3.1770344,0.22088537,Source,LumA
TCGA-A7-A26J-01A-11D-A16A-05,5.2762175,0.21274057,Source,LumA
TCGA-B6-A40C-01A-11D-A23D-05,5.3586445,0.7494031,Source,LumA
TCGA-AO-A03M-01B-11D-A10N-05,1.555462,0.33062726,Source,LumA
TCGA-B6-A0RV-01A-11D-A10P-05,4.015868,0.6685509,Source,LumA
TCGA-BH-A42V-01A-11D-A244-05,4.5887413,0.31361476,Source,LumA
TCGA-AO-A12E-01A-11D-A10N-05,5.7827115,1.5832589,Source,LumA
TCGA-E2-A2P6-01A-11D-A19Z-05,5.573518,0.19677863,Source,LumA
TCGA-A2-A1G0-01A-11D-A13K-05,4.1409197,-2.4746745,Source,LumA
TCGA-5L-AAT1-01A-12D-A41Q-05,5.3190036,1.3827046,Source,LumA
TCGA-C8-A1HO-01A-11D-A13K-05,5.669732,2.4237163,Source,LumA
TCGA-LD-A66U-01A-11D-A31V-05,4.693862,-1.2983404,Source,LumA
TCGA-E9-A1R6-01A-11D-A14H-05,6.411227,1.0158865,Source,LumA
TCGA-E2-A1IO-01A-11D-A145-05,4.514189,-2.3560889,Source,LumA
TCGA-AC-A5XU-01A-11D-A28C-05,6.1335998,0.9118548,Source,LumA
TCGA-E2-A1IN-01A-11D-A13K-05,4.429091,-2.631592,Source,LumA
TCGA-A7-A56D-01A-11D-A27Y-05,5.4917936,-0.116662025,Source,LumA
TCGA-BH-A0HK-01A-11D-A10P-05,5.8214774,1.6619948,Source,LumA
TCGA-D8-A1XB-01A-11D-A14H-05,4.8838043,0.6019349,Source,LumA
TCGA-AC-A23G-01A-11D-A212-05,3.561254,-1.2078873,Source,LumA
TCGA-AC-A2B8-01A-11D-A17F-05,4.7953,-0.81445444,Source,LumA
TCGA-BH-A5J0-01A-11D-A27Y-05,4.9357557,-2.2685127,Source,LumA
TCGA-AO-A125-01A-11D-A10N-05,5.050321,-0.45384336,Source,LumA
TCGA-OL-A66N-01A-12D-A31V-05,4.183772,1.2574122,Source,LumA
TCGA-OL-A66J-01A-11D-A29O-05,5.762416,-1.7159547,Source,LumA
TCGA-EW-A1P3-01A-11D-A145-05,4.373915,-0.78073096,Source,LumA
TCGA-BH-A0B8-01A-21D-A10P-05,6.330442,0.7657983,Source,LumA
TCGA-E9-A1QZ-01A-21D-A16A-05,3.9045253,-1.3831896,Source,LumA
TCGA-BH-A0DQ-01A-11D-A10P-05,5.0031543,-2.3235152,Source,LumA
TCGA-AC-A8OP-01A-11D-A36K-05,6.45004,1.3304313,Source,LumA
TCGA-XX-A899-01A-11D-A36K-05,4.148113,0.9597244,Source,LumA
TCGA-A2-A259-01A-11D-A16G-05,2.396064,-1.7249149,Source,LumA
TCGA-A2-A3KC-01A-11D-A212-05,4.7688794,1.3856678,Source,LumA
TCGA-D8-A1XA-01A-11D-A14H-05,5.4369936,-1.0959061,Source,LumA
TCGA-E2-A1B1-01A-21D-A12R-05,2.4493504,-2.1161387,Source,LumA
TCGA-A7-A5ZX-01A-12D-A29O-05,3.2073286,-0.7372621,Source,LumA
TCGA-BH-A201-01A-11D-A14N-05,2.456926,-1.965413,Source,LumA
TCGA-AQ-A04L-01B-21D-A10N-05,5.3309393,0.27702564,Source,LumA
TCGA-BH-A0E1-01A-11D-A10P-05,2.9836712,-0.9832377,Source,LumA
TCGA-AR-A0U3-01A-11D-A10A-05,6.144054,1.5521766,Source,LumA
TCGA-A7-A425-01A-11D-A244-05,4.617399,-2.3002493,Source,LumA
TCGA-OL-A66H-01A-11D-A29O-05,3.9377804,-2.2404573,Source,LumA
TCGA-D8-A1XV-01A-11D-A14N-05,4.4400244,-1.0383645,Source,LumA
TCGA-S3-A6ZG-01A-22D-A32T-05,5.929578,1.5106112,Source,LumA
TCGA-E9-A1NG-01A-21D-A14N-05,3.5956645,-2.4649043,Source,LumA
TCGA-AC-A5XS-01A-11D-A29O-05,4.8377414,-1.1604782,Source,LumA
TCGA-A7-A3RF-01A-11D-A22B-05,4.0804977,-2.5330935,Source,LumA
TCGA-PL-A8LX-01A-11D-A41Q-05,3.45067,-1.5445461,Source,LumA
TCGA-AR-A1AX-01A-11D-A12R-05,1.4712573,0.34251142,Source,LumA
TCGA-BH-A1FB-01A-11D-A13K-05,2.3688703,-1.7405417,Source,LumA
TCGA-BH-A0HI-01A-11D-A10P-05,3.3366618,-1.0063797,Source,LumA
TCGA-AR-A5QP-01A-11D-A28C-05,4.029844,0.5292583,Source,LumA
TCGA-B6-A0RI-01A-11D-A10P-05,4.5635514,-2.240846,Source,LumA
TCGA-E2-A1IE-01A-11D-A13K-05,6.3097568,0.78907925,Source,LumA
TCGA-E9-A1N5-01A-11D-A14H-05,4.457238,0.37114558,Source,LumA
TCGA-GM-A5PX-01A-12D-A28C-05,4.5567994,-0.6203772,Source,LumA
TCGA-B6-A0RG-01A-11D-A10P-05,5.404671,-2.2614868,Source,LumA
TCGA-E2-A1IF-01A-11D-A145-05,3.5835962,-2.4274428,Source,LumA
TCGA-BH-A1F5-01A-12D-A13K-05,4.1170483,-2.3315527,Source,LumA
TCGA-D8-A27T-01A-11D-A16G-05,5.0877547,-1.1534886,Source,LumA
TCGA-B6-A40B-01A-11D-A23D-05,5.604022,1.2219254,Source,LumA
TCGA-E9-A24A-01A-11D-A16A-05,3.2065504,-1.9834154,Source,LumA
TCGA-AC-A3TM-01A-11D-A22B-05,4.541151,-0.281073,Source,LumA
TCGA-D8-A4Z1-01A-21D-A268-05,2.6633735,-1.0833724,Source,LumA
TCGA-AC-A3OD-01B-06D-A22R-05,4.83277,2.2081633,Source,LumA
TCGA-C8-A3M7-01A-12D-A21R-05,3.3221424,0.58906436,Source,LumA
TCGA-A8-A08O-01A-21D-A10P-05,4.286946,-2.0384967,Source,LumA
TCGA-D8-A73X-01A-11D-A32T-05,4.588415,0.42790982,Source,LumA
TCGA-S3-AA12-01A-11D-A41Q-05,5.7873983,-1.7413241,Source,LumA
TCGA-LL-A6FQ-01A-11D-A31V-05,5.4563947,-0.49228314,Source,LumA
TCGA-A2-A0YI-01A-31D-A10N-05,3.3594458,0.6090832,Source,LumA
TCGA-GM-A2DA-01A-11D-A18O-05,5.510846,-2.2221467,Source,LumA
TCGA-OK-A5Q2-01A-11D-A27Y-05,4.428603,1.386146,Source,LumA
TCGA-A2-A1FV-01A-11D-A13K-05,6.563309,0.6078028,Source,LumA
TCGA-C8-A26Z-01A-11D-A16G-05,4.902001,-1.2992778,Source,LumA
TCGA-GM-A4E0-01A-12D-A268-05,3.4628844,0.69452935,Source,LumA
TCGA-OL-A5RX-01A-11D-A28C-05,3.3362112,-0.7134306,Source,LumA
TCGA-BH-A0HA-01A-11D-A12R-05,4.3458676,0.63669604,Source,LumA
TCGA-E2-A10F-01A-11D-A10N-05,4.7615757,0.65789187,Source,LumA
TCGA-E2-A1IL-01A-11D-A14H-05,3.9365928,-1.8831424,Source,LumA
TCGA-C8-A1HI-01A-11D-A138-05,2.9658601,-1.121052,Source,LumA
TCGA-AQ-A0Y5-01A-11D-A14N-05,4.349681,-0.3652003,Source,LumA
TCGA-A7-A26J-01B-02D-A27B-05,5.0518928,0.018573936,Source,LumA
TCGA-D8-A1X8-01A-11D-A14N-05,4.7917705,-0.6865164,Source,LumA
TCGA-E9-A1RD-01A-11D-A161-05,4.600232,2.295488,Source,LumA
TCGA-E2-A1IU-01A-11D-A14H-05,5.16595,-1.6844288,Source,LumA
TCGA-D8-A1XY-01A-11D-A14N-05,5.579809,-2.4784179,Source,LumA
TCGA-EW-A2FS-01A-11D-A17F-05,6.0097127,0.71642524,Source,LumA
TCGA-A1-A0SG-01A-11D-A145-05,4.899382,-2.6853993,Source,LumA
TCGA-E9-A1RF-01A-11D-A161-05,5.6196046,2.79197,Source,LumA
TCGA-EW-A423-01A-11D-A244-05,5.7363105,0.92219687,Source,LumA
TCGA-BH-A0B5-01A-11D-A12R-05,5.2283473,0.1625106,Source,LumA
TCGA-V7-A7HQ-01A-11D-A33F-05,4.341627,-2.59106,Source,LumA
TCGA-E9-A245-01A-22D-A16G-05,3.667467,-2.502111,Source,LumA
TCGA-BH-A0HP-01A-12D-A10P-05,4.543902,-0.020650141,Source,LumA
TCGA-A1-A0SF-01A-11D-A145-05,5.6542854,-0.95983744,Source,LumA
TCGA-BH-A0H3-01A-11D-A12R-05,3.1451726,-0.8715466,Source,LumA
TCGA-A2-A0CT-01A-31D-A10P-05,5.922994,2.3040507,Source,LumA
TCGA-D8-A1XC-01A-11D-A14H-05,4.3057294,-1.4975462,Source,LumA
TCGA-E2-A1L9-01A-11D-A13K-05,3.3504639,-1.1390147,Source,LumA
TCGA-D8-A1JH-01A-11D-A13K-05,2.743467,-1.4920871,Source,LumA
TCGA-E9-A295-01A-11D-A16G-05,5.8228536,1.2078642,Source,LumA
TCGA-AR-A24X-01A-11D-A16A-05,4.8159466,1.8102397,Source,LumA
TCGA-LL-A7SZ-01A-32D-A357-05,5.878187,-1.0056028,Source,LumA
TCGA-S3-A6ZH-01A-22D-A32T-05,5.4261594,-1.3076013,Source,LumA
TCGA-OL-A5RU-01A-11D-A28C-05,3.885964,-1.6892455,Source,LumA
TCGA-AC-A3YJ-01A-11D-A230-05,4.0610156,-1.4375412,Source,LumA
TCGA-E9-A1RA-01A-11D-A14H-05,3.089685,-1.1145613,Source,LumA
TCGA-AO-A12C-01A-11D-A10N-05,4.6041794,0.7724744,Source,LumA
TCGA-BH-A0B2-01A-11D-A10N-05,3.2479582,-0.653208,Source,LumA
TCGA-E2-A1IG-01A-11D-A145-05,5.8591685,-0.23315379,Source,LumA
TCGA-A2-A25D-01A-12D-A16G-05,3.8857672,0.6846437,Source,LumA
TCGA-E9-A227-01A-11D-A161-05,3.9616656,-2.2818835,Source,LumA
TCGA-A7-A26H-01A-11D-A16A-05,5.613565,0.7326953,Source,LumA
TCGA-GM-A3XN-01A-12D-A230-05,3.079458,-1.1734458,Source,LumA
TCGA-A7-A4SC-01A-12D-A268-05,4.747238,1.9173286,Source,LumA
TCGA-BH-A0W4-01A-11D-A10A-05,4.5274115,-1.470532,Source,LumA
TCGA-AO-A126-01A-11D-A10N-05,4.680225,0.63110787,Source,LumA
TCGA-E9-A1R0-01A-22D-A16G-05,5.4454937,-0.7602612,Source,LumA
TCGA-GM-A3XG-01A-31D-A244-05,1.7331384,-2.3384626,Source,LumA
TCGA-AC-A8OS-01A-12D-A41Q-05,4.981494,-0.09361112,Source,LumA
TCGA-B6-A0WZ-01A-11D-A10A-05,4.892762,0.122392625,Source,LumA
TCGA-GM-A3NY-01A-11D-A21R-05,4.2824454,0.0023849402,Source,LumA
TCGA-A2-A0SU-01A-11D-A10P-05,2.1481779,-2.2613828,Source,LumA
TCGA-E2-A107-01A-11D-A10N-05,5.096048,-0.3611185,Source,LumA
TCGA-B6-A0X4-01A-11D-A10A-05,3.6973715,-2.422091,Source,LumA
TCGA-BH-A0HB-01A-11D-A10P-05,4.2574067,0.42253643,Source,LumA
TCGA-D8-A27K-01A-11D-A16G-05,3.4515612,-0.61729854,Source,LumA
TCGA-A2-A0CR-01A-11D-A22B-05,3.5113113,0.74710673,Source,LumA
TCGA-LL-A5YN-01A-11D-A28C-05,3.663112,0.19770306,Source,LumA
TCGA-EW-A1J1-01A-11D-A13K-05,4.234495,-2.5095987,Source,LumA
TCGA-AQ-A1H3-01A-31D-A13K-05,4.0169773,0.21293394,Source,LumA
TCGA-E9-A229-01A-31D-A161-05,4.2362123,-2.21593,Source,LumA
TCGA-AR-A24T-01A-11D-A16A-05,5.04705,2.1159258,Source,LumA
TCGA-A7-A426-01A-22D-A244-05,4.860032,-0.84017897,Source,LumA
TCGA-OL-A66K-01A-11D-A29O-05,4.7022724,0.060428485,Source,LumA
TCGA-AQ-A1H2-01A-11D-A13K-05,5.6991515,-1.3965935,Source,LumA
TCGA-BH-A0BT-01A-11D-A12R-05,4.915769,-2.6581025,Source,LumA
TCGA-A7-A5ZW-01A-12D-A29O-05,2.4752164,-1.2527245,Source,LumA
TCGA-3C-AALK-01A-11D-A41Q-05,5.520231,2.271725,Source,LumA
TCGA-AN-A0XO-01A-11D-A10A-05,5.018784,0.0014000627,Source,LumA
TCGA-EW-A6S9-01A-22D-A33F-05,4.177311,-1.3854588,Source,LumA
TCGA-BH-A0BA-01A-11D-A10P-05,5.0416274,0.06814387,Source,LumA
TCGA-BH-A1FR-01A-11D-A13K-05,2.8376129,-1.8808239,Source,LumA
TCGA-BH-A1FG-01A-11D-A13K-05,3.439925,-1.2828821,Source,LumA
TCGA-BH-A0HN-01A-11D-A10P-05,5.1002893,-1.401311,Source,LumA
TCGA-JL-A3YX-01A-11D-A230-05,4.3232517,-1.5179017,Source,LumA
TCGA-B6-A0RO-01A-22D-A10P-05,4.3511024,-0.6734061,Source,LumA
TCGA-AC-A3EH-01A-22D-A22B-05,5.7533865,0.77235997,Source,LumA
TCGA-AN-A0XS-01A-22D-A10A-05,4.9407015,-1.6115214,Source,LumA
TCGA-BH-A0DS-01A-11D-A10P-05,5.3983936,2.0000944,Source,LumA
TCGA-E9-A247-01A-11D-A16A-05,5.339427,1.8355967,Source,LumA
TCGA-AR-A1AN-01A-11D-A12R-05,3.6502473,-2.075775,Source,LumA
TCGA-PE-A5DE-01A-11D-A27Y-05,4.8155236,-1.256604,Source,LumA
TCGA-S3-AA11-01A-31D-A41Q-05,5.544071,2.101234,Source,LumA
TCGA-EW-A1PA-01A-11D-A145-05,3.9294367,0.19906162,Source,LumA
TCGA-BH-A28Q-01A-11D-A16G-05,4.205987,0.13814625,Source,LumA
TCGA-BH-A6R8-01A-21D-A33F-05,5.3469667,-1.9547629,Source,LumA
TCGA-A2-A0YL-01A-21D-A10A-05,3.84618,-2.069308,Source,LumA
TCGA-A2-A0CK-01A-11D-A22B-05,4.1561913,-0.84361845,Source,LumA
TCGA-A1-A0SH-01A-11D-A10P-05,3.0281737,-1.4413929,Source,LumA
TCGA-E9-A1R3-01A-31D-A14N-05,3.7873037,-2.959145,Source,LumA
TCGA-D8-A1XM-01A-21D-A14N-05,3.1717217,-1.2627608,Source,LumA
TCGA-AO-A0JJ-01A-11D-A10P-05,4.4502225,-0.46081972,Source,LumA
TCGA-B6-A0WT-01A-11D-A10A-05,4.8323584,-1.5720348,Source,LumA
TCGA-A2-A4RW-01A-21D-A268-05,4.4574585,1.7506465,Source,LumA
TCGA-AR-A0TZ-01A-12D-A10P-05,5.633471,2.308587,Source,LumA
TCGA-D8-A1JS-01A-11D-A13K-05,4.6707516,-1.5149868,Source,LumA
TCGA-AC-A3QP-01A-11D-A230-05,3.1243682,-1.8052585,Source,LumA
TCGA-D8-A3Z6-01A-11D-A23D-05,5.261308,-0.3667847,Source,LumA
TCGA-A1-A0SQ-01A-21D-A145-05,5.196599,-1.8192092,Source,LumA
TCGA-AO-A12B-01A-11D-A10N-05,4.26671,-1.765135,Source,LumA
TCGA-LQ-A4E4-01A-11D-A268-05,5.724869,1.7443678,Source,LumA
TCGA-AR-A1AU-01A-11D-A12R-05,3.0727582,-1.5783511,Source,LumA
TCGA-E2-A14U-01A-11D-A22B-05,2.112582,-2.3261464,Source,LumA
TCGA-GM-A2DL-01A-11D-A18O-05,5.5778465,1.101727,Source,LumA
TCGA-E9-A1RI-01A-11D-A16A-05,4.037371,0.20564735,Source,LumA
TCGA-A2-A0T7-01A-21D-A10P-05,3.03421,-0.1886038,Source,LumA
TCGA-B6-A2IU-01A-32D-A18O-05,5.070028,-1.0434719,Source,LumA
TCGA-AC-A8OR-01A-21D-A41Q-05,1.9919567,-2.2763398,Source,LumA
TCGA-E2-A1BD-01A-11D-A12R-05,4.8940635,0.6680784,Source,LumA
TCGA-B6-A1KI-01A-11D-A14N-05,3.7284932,-1.8329422,Source,LumA
TCGA-GM-A2DN-01A-11D-A17Z-05,3.7544749,0.28647512,Source,LumA
TCGA-A7-A4SA-01A-11D-A268-05,2.679078,-0.6667249,Source,LumA
TCGA-D8-A1JP-01A-11D-A13K-05,3.8802643,-1.5159832,Source,LumA
TCGA-E2-A1B4-01A-11D-A12R-05,4.5128083,-1.9963886,Source,LumA
TCGA-E9-A3Q9-01A-11D-A21R-05,5.2694335,-2.0433786,Source,LumA
TCGA-AR-A24L-01A-11D-A16A-05,3.4600282,-1.4437153,Source,LumA
TCGA-LL-A5YL-01A-12D-A29O-05,4.985964,1.9903426,Source,LumA
TCGA-A7-A3J0-01A-11D-A212-05,3.1754186,-2.5007741,Source,LumA
TCGA-A2-A0YF-01A-21D-A10A-05,4.9551697,-1.7227848,Source,LumA
TCGA-E2-A1IK-01A-11D-A145-05,3.0315173,-2.33631,Source,LumA
TCGA-D8-A1XO-01A-11D-A14N-05,3.5794103,-1.5777042,Source,LumA
TCGA-AR-A1AK-01A-21D-A12R-05,4.12049,0.030550558,Source,LumA
TCGA-D8-A73W-01A-22D-A357-05,4.3305817,-1.2661701,Source,LumA
TCGA-AC-A2FE-01A-11D-A19Z-05,4.920111,1.874282,Source,LumA
TCGA-A7-A3IY-01A-21D-A21R-05,1.86985,-2.3271654,Source,LumA
TCGA-AR-A252-01A-11D-A16A-05,2.379308,0.48300755,Source,LumA
TCGA-A2-A0EP-01A-52D-A230-05,1.0735191,0.25630105,Source,LumA
TCGA-BH-A1EU-01A-11D-A138-05,2.4763029,-1.6229339,Source,LumA
TCGA-AC-A62Y-01A-11D-A29O-05,3.6085021,-1.9082935,Source,LumA
TCGA-E2-A2P5-01A-11D-A19Z-05,5.8881044,0.7130575,Source,LumA
TCGA-A2-A0CO-01A-13D-A22B-05,5.220167,-1.1155671,Source,LumA
TCGA-B6-A0RP-01A-21D-A10P-05,4.9120345,-1.1055609,Source,LumA
TCGA-AO-A0JC-01A-11D-A10P-05,0.82084674,0.9639841,Source,LumA
TCGA-D8-A1X9-01A-12D-A161-05,6.39743,0.9833398,Source,LumA
TCGA-LL-A6FP-01A-11D-A31V-05,5.9476757,-2.132241,Source,LumA
TCGA-EW-A1IW-01A-11D-A13K-05,5.315793,2.084915,Source,LumA
TCGA-AR-A2LJ-01A-12D-A19Z-05,2.8161829,-1.5096024,Source,LumA
TCGA-E9-A22B-01A-11D-A161-05,5.713421,2.7821908,Source,LumA
TCGA-A2-A3KD-01A-12D-A212-05,2.5641685,-1.7935762,Source,LumA
TCGA-D8-A1XG-01A-11D-A14H-05,1.7662665,-2.386498,Source,LumA
TCGA-A8-A0A6-01A-12D-A10P-05,4.6044097,1.5459173,Source,LumA
TCGA-E2-A15I-01A-21D-A138-05,4.4706435,-2.5769677,Source,LumA
TCGA-AQ-A7U7-01A-22D-A357-05,4.2186484,1.0337762,Source,LumA
TCGA-AR-A5QN-01A-12D-A28C-05,5.654271,2.4176576,Source,LumA
TCGA-D8-A27I-01A-11D-A16G-05,4.3497753,-1.3837973,Source,LumA
TCGA-C8-A1HE-01A-11D-A13K-05,4.237204,0.78622705,Source,LumA
TCGA-AN-A0XV-01A-11D-A10A-05,5.2558274,1.5213164,Source,LumA
TCGA-E2-A10E-01A-21D-A10N-05,5.120594,1.4885148,Source,LumA
TCGA-AR-A2LE-01A-11D-A17Z-05,4.8104935,-1.4108244,Source,LumA
TCGA-AR-A24V-01A-21D-A16A-05,5.7387495,-1.4515004,Source,LumA
TCGA-AC-A23E-01A-11D-A161-05,5.173468,-0.64986855,Source,LumA
TCGA-PE-A5DD-01A-12D-A27Y-05,5.8639035,2.1289186,Source,LumA
TCGA-LD-A74U-01A-13D-A33F-05,4.452775,-0.317052,Source,LumA
TCGA-E2-A1IJ-01A-11D-A145-05,4.4142513,-0.9141892,Source,LumA
TCGA-EW-A1J5-01A-11D-A13K-05,5.3670588,-0.4468326,Source,LumA
TCGA-E9-A1N4-01A-11D-A14N-05,4.2672186,-2.5414002,Source,LumA
TCGA-AC-A6IX-01A-12D-A32T-05,4.496446,1.731967,Source,LumA
TCGA-BH-A0H7-01A-13D-A10P-05,5.3660398,0.00165402,Source,LumA
TCGA-AN-A0XL-01A-11D-A10N-05,5.6105723,-2.268464,Source,LumA
TCGA-AR-A1AP-01A-11D-A12R-05,5.083404,1.7454028,Source,LumA
TCGA-AR-A0TR-01A-11D-A10P-05,4.345002,-1.7182461,Source,LumA
TCGA-E9-A5FK-01A-11D-A27Y-05,3.922069,1.239979,Source,LumA
TCGA-AC-A4ZE-01A-11D-A41Q-05,6.032958,1.5551232,Source,LumA
TCGA-D8-A1JU-01A-11D-A13K-05,3.0354757,-1.5610502,Source,LumA
TCGA-AC-A2QI-01A-12D-A19Z-05,5.346424,-2.3124907,Source,LumA
TCGA-D8-A3Z5-01A-41D-A244-05,4.213321,-1.27012,Source,LumA
TCGA-OL-A6VR-01A-32D-A33F-05,2.4084623,-1.4929051,Source,LumA
TCGA-LL-A9Q3-01A-11D-A41Q-05,4.83762,1.6237508,Source,LumA
TCGA-BH-A1FH-01A-12D-A13K-05,1.9665905,-2.2506888,Source,LumA
TCGA-A7-A13H-01A-11D-A22B-05,3.4209492,-1.3896494,Source,LumA
TCGA-AR-A1AM-01A-41D-A22B-05,4.009563,-2.5356765,Source,LumA
TCGA-GM-A5PV-01A-11D-A28C-05,4.6233664,-2.1502042,Source,LumA
TCGA-A7-A3J1-01A-11D-A212-05,3.9351215,-0.47066972,Source,LumA
TCGA-AC-A2FB-01A-11D-A17F-05,3.315834,0.51827997,Source,LumA
TCGA-E2-A105-01A-11D-A10N-05,6.3324895,1.5171849,Source,LumA
TCGA-EW-A1P5-01A-11D-A145-05,3.9625993,-0.5707201,Source,LumA
TCGA-AC-A6IV-01A-12D-A33F-05,3.549849,-1.3370452,Source,LumA
TCGA-LD-A7W6-01A-81D-A357-05,4.7570796,-0.6066241,Source,LumA
TCGA-A2-A0T4-01A-31D-A10P-05,4.6089582,1.7107751,Source,LumA
TCGA-PE-A5DC-01A-12D-A27Y-05,5.77087,-0.6991905,Source,LumA
TCGA-A2-A1FZ-01A-51D-A14H-05,4.395343,1.0511656,Source,LumA
TCGA-BH-A0DH-01A-11D-A10P-05,6.2792025,1.0517409,Source,LumA
TCGA-OL-A5D8-01A-11D-A27Y-05,5.579186,2.1965766,Source,LumA
TCGA-A2-A0SY-01A-31D-A10P-05,5.4265757,1.3626349,Source,LumA
TCGA-A7-A0DC-01B-04D-A22R-05,4.4240623,-2.4327588,Source,LumA
TCGA-A2-A0T5-01A-21D-A10P-05,3.6721551,-0.7266545,Source,LumA
TCGA-OL-A66L-01A-12D-A31V-05,5.4512997,1.39494,Source,LumA
TCGA-WT-AB44-01A-11D-A41Q-05,4.2392564,0.2680749,Source,LumA
TCGA-B6-A0RM-01A-11D-A10P-05,3.8287177,-1.9744451,Source,LumA
TCGA-AO-A0JF-01A-11D-A10P-05,3.0007877,-1.4675344,Source,LumA
TCGA-BH-A0BC-01A-22D-A10P-05,3.0264156,-1.1512517,Source,LumA
TCGA-D8-A1XU-01A-11D-A14N-05,4.4747534,1.0418049,Source,LumA
TCGA-BH-A0AZ-01A-21D-A12R-05,3.8328454,-1.8202298,Source,LumA
TCGA-E2-A106-01A-11D-A10N-05,4.5345674,0.48469833,Source,LumA
TCGA-AN-A0XW-01A-11D-A10A-05,2.9519272,-1.5363531,Source,LumA
TCGA-AC-A2FG-01A-11D-A17F-05,4.3452187,-2.0716805,Source,LumA
TCGA-AO-A12G-01A-11D-A10N-05,4.887153,0.97871155,Source,LumA
TCGA-E9-A1NE-01A-21D-A14N-05,2.2351465,0.44363979,Source,LumA
TCGA-A2-A4S0-01A-21D-A268-05,2.8524754,-2.398176,Source,LumA
TCGA-3C-AAAU-01A-11D-A41Q-05,4.3097944,-2.057616,Source,LumA
TCGA-E2-A572-01A-13D-A31V-05,5.0595527,-1.3943008,Source,LumA
TCGA-GM-A3NW-01A-21D-A22B-05,6.188556,0.38216746,Source,LumA
TCGA-A7-A3IZ-01A-11D-A212-05,5.9078083,0.13624465,Source,LumA
TCGA-EW-A424-01A-11D-A244-05,5.1556425,1.6840035,Source,LumA
TCGA-A1-A0SE-01A-11D-A10P-05,4.8187256,-1.0888432,Source,LumA
TCGA-LL-A442-01A-11D-A244-05,4.307701,-2.4044101,Source,LumA
TCGA-D8-A27P-01A-11D-A16G-05,3.3442779,-2.579282,Source,LumA
TCGA-EW-A1J2-01A-21D-A13K-05,4.320996,-0.06825832,Source,LumA
TCGA-BH-A1EW-01A-11D-A138-05,4.29847,1.222158,Source,LumA
TCGA-W8-A86G-01A-21D-A36K-05,3.447052,-1.0315003,Source,LumA
TCGA-A8-A0AD-01A-11D-A10P-05,5.484249,-2.2205503,Source,LumA
TCGA-A7-A13G-01B-04D-A22R-05,2.0716543,-2.243513,Source,LumA
TCGA-A1-A0SJ-01A-11D-A10P-05,4.126083,0.8811155,Source,LumA
TCGA-EW-A1PE-01A-11D-A145-05,3.9461462,-1.9148945,Source,LumA
TCGA-GM-A2D9-01A-11D-A18O-05,5.2158084,0.9494803,Source,LumA
TCGA-OL-A5DA-01A-11D-A27Y-05,4.4125123,-0.25078183,Source,LumA
TCGA-AR-A1AS-01A-11D-A12R-05,5.089568,-1.419674,Source,LumA
TCGA-AC-A3W6-01A-12D-A22B-05,4.3034205,-0.42934048,Source,LumA
TCGA-AC-A2FM-01A-11D-A19Z-05,5.6929607,2.5791078,Source,LumA
TCGA-C8-A273-01A-11D-A16G-05,4.9364734,0.26068065,Source,LumA
TCGA-AR-A2LN-01A-21D-A18O-05,4.3970404,-0.7686908,Source,LumA
TCGA-B6-A408-01A-12D-A244-05,4.862604,-1.809793,Source,LumA
TCGA-Z7-A8R5-01A-42D-A41Q-05,4.248705,0.8173596,Source,LumA
TCGA-BH-A0HF-01A-11D-A10P-05,3.388896,-1.7565693,Source,LumA
TCGA-AR-A24W-01A-11D-A16A-05,2.070211,-2.301615,Source,LumA
TCGA-BH-A0BM-01A-11D-A10P-05,3.1589618,-1.4248638,Source,LumA
TCGA-BH-A0GY-01A-11D-A10P-05,4.8751216,-2.0343084,Source,LumA
TCGA-BH-A0HX-01A-21D-A10P-05,5.336605,0.64824384,Source,LumA
TCGA-AR-A24P-01A-11D-A16A-05,3.4652143,-0.42893338,Source,LumA
TCGA-OL-A5RV-01A-12D-A28C-05,3.5859969,-1.0054861,Source,LumA
TCGA-EW-A1PF-01A-11D-A145-05,3.5419705,0.2507442,Source,LumA
TCGA-EW-A6SC-01A-12D-A32T-05,5.3851976,-2.001572,Source,LumA
TCGA-E9-A1RC-01A-11D-A161-05,5.5518246,2.702546,Source,LumA
TCGA-E9-A1R5-01A-11D-A14N-05,4.979556,1.5426612,Source,LumA
TCGA-E9-A2JT-01A-22D-A18O-05,1.2845572,1.125589,Source,LumA
TCGA-BH-A0B6-01A-11D-A19Z-05,4.265443,-0.21383433,Source,LumA
TCGA-WT-AB41-01A-11D-A41Q-05,4.281387,1.3632007,Source,LumA
TCGA-AC-A23C-01A-12D-A16A-05,4.8486867,0.17183119,Source,LumA
TCGA-E9-A5UP-01A-11D-A28C-05,4.2378893,-0.17618285,Source,LumA
TCGA-E9-A1R2-01A-11D-A14H-05,3.5624378,0.27347007,Source,LumA
TCGA-A2-A0YC-01A-11D-A10A-05,5.271943,-0.3269824,Source,LumA
TCGA-E2-A1LA-01A-11D-A145-05,5.790469,-2.1099055,Source,LumA
TCGA-B6-A0WY-01A-11D-A10A-05,2.919888,-0.47611478,Source,LumA
TCGA-AR-A24O-01A-11D-A16A-05,3.714307,-1.8235363,Source,LumA
TCGA-EW-A1IZ-01A-11D-A13K-05,5.076113,0.49293455,Source,LumA
TCGA-E9-A6HE-01A-11D-A31V-05,4.6261106,0.22611457,Source,LumA
TCGA-5L-AAT0-01A-12D-A41Q-05,3.7031124,-1.0931342,Source,LumA
TCGA-BH-A0DV-01A-21D-A12R-05,3.0971508,-1.3218291,Source,LumA
TCGA-S3-AA14-01A-11D-A41Q-05,4.1345987,0.16772215,Source,LumA
TCGA-BH-A1ES-01A-11D-A138-05,4.489684,0.69940233,Source,LumA
TCGA-A2-A0YD-01A-11D-A10A-05,3.9971943,0.012443098,Source,LumA
TCGA-E2-A10B-01A-11D-A10N-05,4.290188,0.6260015,Source,LumA
TCGA-D8-A27E-01A-11D-A16G-05,2.4869418,-2.3516638,Source,LumA
TCGA-GM-A2DC-01A-11D-A18O-05,5.1055536,1.4173181,Source,LumA
TCGA-AC-A3BB-01A-21D-A19Z-05,4.3448095,-0.47515497,Source,LumA
TCGA-GI-A2C8-01A-11D-A16G-05,5.5789266,1.2559817,Source,LumA
TCGA-A7-A0D9-01A-31D-A10P-05,3.626927,0.28705105,Source,LumA
TCGA-E9-A1N3-01A-12D-A161-05,3.1018553,-0.6999062,Source,LumA
TCGA-E2-A15J-01A-11D-A12R-05,3.8167324,-0.22650158,Source,LumA
TCGA-BH-A8FY-01A-11D-A36K-05,6.1666474,0.59096694,Source,LumA
TCGA-E2-A576-01A-11D-A31V-05,5.9547987,1.8653735,Source,LumA
TCGA-OL-A66O-01A-11D-A31V-05,6.43447,0.91383946,Source,LumA
TCGA-AO-A0JA-01A-11D-A10P-05,4.7732544,1.2455472,Source,LumA
TCGA-D8-A27L-01A-11D-A16G-05,4.280888,-2.507146,Source,LumA
TCGA-HN-A2OB-01A-21D-A27Y-05,4.0263333,-1.762499,Source,LumA
TCGA-E2-A1B5-01A-21D-A12R-05,1.2873566,1.0900183,Source,LumA
TCGA-XX-A89A-01A-11D-A36K-05,3.850206,-2.41139,Source,LumA
TCGA-EW-A2FV-01A-11D-A17F-05,4.8528743,-0.91503847,Source,LumA
TCGA-A2-A4S2-01A-12D-A268-05,4.098763,0.9431724,Source,LumA
TCGA-GM-A2DM-01A-11D-A17Z-05,2.2001574,-2.0689454,Source,LumA
TCGA-AO-A03L-01A-41D-A10P-05,5.922516,0.67749655,Source,LumA
TCGA-AR-A255-01A-11D-A16A-05,6.1876693,1.0939313,Source,LumA
TCGA-BH-A0H9-01A-11D-A10P-05,3.9575865,-3.0259633,Source,LumA
TCGA-BH-A0DG-01A-21D-A12R-05,3.9723275,1.0041655,Source,LumA
TCGA-4H-AAAK-01A-12D-A41Q-05,4.0090194,0.15597603,Source,LumA
TCGA-AR-A2LM-01A-11D-A17Z-05,3.814144,-1.3183675,Source,LumA
TCGA-E2-A570-01A-11D-A29O-05,3.6698618,-1.295924,Source,LumA
TCGA-AR-A1AL-01A-21D-A12R-05,3.6845639,-2.0166614,Source,LumA
TCGA-B6-A0X7-01A-11D-A10N-05,4.084129,-0.31864572,Source,LumA
TCGA-AC-A2FO-01A-11D-A17Z-05,5.403876,-0.4928777,Source,LumA
TCGA-AR-A24M-01A-11D-A16A-05,4.5098166,-1.0595679,Source,LumA
TCGA-E2-A1L6-01A-11D-A13K-05,3.500163,-1.5313677,Source,LumA
TCGA-EW-A3E8-01B-11D-A244-05,5.6822,1.3136629,Source,LumA
TCGA-LL-A440-01A-11D-A244-05,2.2501936,-1.5479404,Source,LumA
TCGA-AC-A2FF-01A-11D-A17F-05,2.3888273,-1.1596298,Source,LumA
TCGA-B6-A0RN-01A-12D-A10P-05,5.0357647,0.18942046,Source,LumA
TCGA-BH-A0H6-01A-21D-A10P-05,4.025775,-2.3355188,Source,LumA
TCGA-UL-AAZ6-01A-11D-A41Q-05,5.760065,2.053834,Source,LumA
TCGA-EW-A1IX-01A-12D-A145-05,4.2090497,-2.3727243,Source,LumA
TCGA-BH-A1ET-01A-11D-A138-05,4.7569747,-1.9099042,Source,LumA
TCGA-AC-A3W7-01A-11D-A22B-05,4.09461,-0.32272223,Source,LumA
TCGA-EW-A1P6-01A-11D-A145-05,4.7958455,-2.7667265,Source,LumA
TCGA-LL-A50Y-01A-11D-A268-05,4.6639633,0.6366376,Source,LumA
TCGA-A2-A0T6-01A-11D-A10P-05,5.1917877,1.7375818,Source,LumA
TCGA-AN-A0XP-01A-11D-A10A-05,4.354761,-1.6142507,Source,LumA
TCGA-AN-A0XN-01A-21D-A10A-05,5.6161933,2.3917928,Source,LumA
TCGA-AO-A0J9-01A-11D-A032-05,5.116874,1.0084118,Source,LumA
TCGA-BH-A0HQ-01A-11D-A032-05,4.5794444,-0.14223222,Source,LumA
TCGA-A1-A0SD-01A-11D-A112-05,3.9170494,-2.7533963,Source,LumA
TCGA-A2-A0EM-01A-11D-A032-05,3.8967283,-2.7734632,Source,LumA
TCGA-AN-A046-01A-21D-A032-05,5.4134703,0.9100451,Source,LumA
TCGA-A8-A091-01A-11D-A00Y-05,5.4634743,-1.8163363,Source,LumA
TCGA-BH-A18F-01A-11D-A12E-05,3.6353211,-0.5914688,Source,LumA
TCGA-A8-A06T-01A-11D-A00Y-05,4.739475,-1.9144121,Source,LumA
TCGA-E2-A153-01A-12D-A12E-05,3.4440145,-3.1773534,Source,LumA
TCGA-A8-A0A1-01A-11D-A00Y-05,5.3010006,1.1970232,Source,LumA
TCGA-E2-A15D-01A-11D-A112-05,3.6758184,-0.90438575,Source,LumA
TCGA-AN-A0FZ-01A-11D-A032-05,5.8838325,-2.0648117,Source,LumA
TCGA-A8-A09B-01A-11D-A00Y-05,4.7352266,-0.18194859,Source,LumA
TCGA-A8-A093-01A-11D-A00Y-05,4.8740063,-0.19946659,Source,LumA
TCGA-A8-A09D-01A-11D-A00Y-05,3.5141726,-2.8612561,Source,LumA
TCGA-A8-A07G-01A-11D-A032-05,2.881803,-2.9783409,Source,LumA
TCGA-A8-A0A4-01A-11D-A00Y-05,5.117128,1.6506543,Source,LumA
TCGA-A8-A06Y-01A-21D-A00Y-05,5.0307,1.361771,Source,LumA
TCGA-BH-A18S-01A-11D-A12E-05,3.3943393,-3.0408206,Source,LumA
TCGA-A8-A09K-01A-11D-A00Y-05,6.406386,-0.25337917,Source,LumA
TCGA-A2-A0CQ-01A-21D-A032-05,4.978024,-1.7318271,Source,LumA
TCGA-C8-A133-01A-32D-A12E-05,4.02119,-2.7455974,Source,LumA
TCGA-A8-A086-01A-11D-A00Y-05,4.750753,-2.865927,Source,LumA
TCGA-BH-A0B0-01A-21D-A112-05,2.9890158,-3.1334238,Source,LumA
TCGA-AN-A0FN-01A-11D-A032-05,3.862093,-0.79834116,Source,LumA
TCGA-D8-A146-01A-31D-A112-05,3.5745144,-3.328525,Source,LumA
TCGA-AO-A12H-01A-11D-A112-05,3.9930532,-2.7001493,Source,LumA
TCGA-E2-A15H-01A-11D-A12E-05,3.1447783,-3.0456042,Source,LumA
TCGA-BH-A18J-01A-11D-A12E-05,3.111537,-3.0430207,Source,LumA
TCGA-BH-A0HL-01A-11D-A032-05,5.757627,2.616696,Source,LumA
TCGA-A8-A0AB-01A-11D-A032-05,4.60633,-0.16175105,Source,LumA
TCGA-E2-A14Q-01A-11D-A12E-05,3.0858831,-3.1866918,Source,LumA
TCGA-BH-A0W7-01A-11D-A112-05,3.4744215,-2.7022088,Source,LumA
TCGA-C8-A12N-01A-11D-A112-05,3.450159,-3.2734594,Source,LumA
TCGA-D8-A145-01A-11D-A112-05,3.5349464,-3.2694206,Source,LumA
TCGA-BH-A0HO-01A-11D-A032-05,3.6551962,-1.5984288,Source,LumA
TCGA-A8-A083-01A-21D-A00Y-05,4.3993316,-2.7832456,Source,LumA
TCGA-B6-A0IP-01A-11D-A032-05,5.9621654,1.2938212,Source,LumA
TCGA-A7-A0CG-01A-11D-A00Y-05,3.97852,-0.6818793,Source,LumA
TCGA-AN-A0FS-01A-11D-A032-05,4.6240273,-2.3458045,Source,LumA
TCGA-E2-A156-01A-11D-A12E-05,3.50333,-3.2487478,Source,LumA
TCGA-AO-A03V-01A-11D-A112-05,3.0728502,-3.220476,Source,LumA
TCGA-B6-A0IC-01A-11D-A032-05,3.4081948,-3.1829193,Source,LumA
TCGA-AN-A0FW-01A-11D-A032-05,6.3751125,0.96607953,Source,LumA
TCGA-AN-A0FD-01A-11D-A032-05,3.6029143,-2.9825103,Source,LumA
TCGA-A8-A0A9-01A-11D-A00Y-05,5.2214136,1.6886615,Source,LumA
TCGA-A2-A0EW-01A-21D-A112-05,3.333843,-3.2204492,Source,LumA
TCGA-B6-A0X0-01A-21D-A112-05,3.0195723,-3.2642646,Source,LumA
TCGA-BH-A0C1-01B-11D-A12E-05,3.9941177,-0.39140037,Source,LumA
TCGA-BH-A0BO-01A-23D-A12E-05,3.2372077,-3.1586173,Source,LumA
TCGA-A8-A07Z-01A-11D-A00Y-05,4.433513,-2.9456193,Source,LumA
TCGA-A2-A0D3-01A-11D-A112-05,3.8783288,-0.46889138,Source,LumA
TCGA-A8-A099-01A-11D-A00Y-05,5.339845,1.1304696,Source,LumA
TCGA-AN-A0FT-01A-11D-A032-05,6.380422,-0.7670083,Source,LumA
TCGA-BH-A0BQ-01A-21D-A112-05,2.924381,-3.1202922,Source,LumA
TCGA-AO-A12A-01A-21D-A112-05,2.9760797,-3.1756802,Source,LumA
TCGA-A8-A09T-01A-11D-A00Y-05,4.3810797,-2.9551485,Source,LumA
TCGA-B6-A0IH-01A-11D-A112-05,3.3989851,-0.89798665,Source,LumA
TCGA-AN-A04A-01A-21D-A032-05,3.739702,-2.7940116,Source,LumA
TCGA-B6-A0IA-01A-11D-A032-05,3.007788,-2.563668,Source,LumA
TCGA-AN-A0AS-01A-11D-A00Y-05,3.2859235,-3.136184,Source,LumA
TCGA-E2-A15L-01A-11D-A12E-05,4.2993774,-2.272614,Source,LumA
TCGA-BH-A0E7-01A-11D-A032-05,4.1558414,-2.4628859,Source,LumA
TCGA-E2-A14T-01A-11D-A112-05,3.748518,-3.2985454,Source,LumA
TCGA-A2-A0CS-01A-11D-A112-05,3.3684292,-3.3003561,Source,LumA
TCGA-A8-A07J-01A-11D-A00Y-05,5.2889223,-1.2177544,Source,LumA
TCGA-A8-A0A2-01A-11D-A032-05,6.140133,1.2239959,Source,LumA
TCGA-A2-A0CP-01A-11D-A032-05,4.263942,-2.902351,Source,LumA
TCGA-A2-A0ES-01A-11D-A112-05,2.6715434,-2.9111724,Source,LumA
TCGA-E2-A14Z-01A-11D-A112-05,3.951428,-1.0882188,Source,LumA
TCGA-A8-A09A-01A-11D-A00Y-05,6.2518272,0.08163645,Source,LumA
TCGA-BH-A0BV-01A-11D-A00Y-05,5.3029003,0.8350213,Source,LumA
TCGA-A7-A0DB-01A-11D-A00Y-05,3.928372,-1.2655878,Source,LumA
TCGA-A2-A04N-01A-11D-A112-05,3.4011981,-3.242648,Source,LumA
TCGA-C8-A132-01A-31D-A112-05,3.2029655,-2.7437954,Source,LumA
TCGA-A8-A07P-01A-11D-A00Y-05,6.5093074,0.30220312,Source,LumA
TCGA-AO-A0J8-01A-21D-A032-05,4.148542,-0.6752124,Source,LumA
TCGA-BH-A0DT-01A-21D-A12E-05,3.3078182,-3.2378,Source,LumA
TCGA-A2-A04V-01A-21D-A032-05,4.2630706,-2.303655,Source,LumA
TCGA-B6-A0IM-01A-11D-A032-05,4.6767545,-1.4343555,Source,LumA
TCGA-BH-A0DX-01A-11D-A112-05,3.8139205,-0.83999246,Source,LumA
TCGA-BH-A18K-01A-11D-A12E-05,3.2435868,-3.2298963,Source,LumA
TCGA-A2-A0EX-01A-21D-A032-05,4.450804,-0.015033578,Source,LumA
TCGA-BH-A0DO-01B-11D-A12E-05,3.5155678,-3.1460898,Source,LumA
TCGA-A8-A08T-01A-21D-A00Y-05,5.2753105,1.130345,Source,LumA
TCGA-B6-A0I8-01A-11D-A032-05,5.9695063,-2.026016,Source,LumA
TCGA-E2-A15F-01A-11D-A112-05,3.156041,-2.8254373,Source,LumA
TCGA-D8-A140-01A-11D-A112-05,6.4508266,1.1176487,Source,LumA
TCGA-A7-A0CH-01A-21D-A00Y-05,3.452962,-3.2068496,Source,LumA
TCGA-BH-A18H-01A-11D-A12E-05,4.1983333,-3.2513125,Source,LumA
TCGA-A2-A0CV-01A-31D-A112-05,3.018321,-3.2170436,Source,LumA
TCGA-A8-A090-01A-11D-A00Y-05,6.017112,1.2004267,Source,LumA
TCGA-A7-A0CD-01A-11D-A00Y-05,6.1074796,0.5712929,Source,LumA
TCGA-B6-A0WS-01A-11D-A112-05,3.5838974,-1.7735128,Source,LumA
TCGA-E2-A154-01A-11D-A112-05,5.5631256,0.73569506,Source,LumA
TCGA-E2-A15R-01A-11D-A112-05,6.5238194,0.7902706,Source,LumA
TCGA-E2-A15O-01A-11D-A112-05,6.27959,-1.1450628,Source,LumA
TCGA-A8-A097-01A-11D-A032-05,5.9541535,-2.3434608,Source,LumA
TCGA-BH-A0EI-01A-11D-A112-05,5.5536847,-1.0596308,Source,LumA
TCGA-BH-A18M-01A-11D-A12E-05,3.0150428,-2.9006805,Source,LumA
TCGA-BH-A0AY-01A-21D-A00Y-05,5.94714,-1.1771032,Source,LumA
TCGA-E2-A15G-01A-11D-A12E-05,4.6382265,-2.2305887,Source,LumA
TCGA-AN-A03X-01A-21D-A00Y-05,6.414741,0.930249,Source,LumA
TCGA-A8-A06P-01A-11D-A00Y-05,4.5319505,-2.929613,Source,LumA
TCGA-C8-A12X-01A-11D-A112-05,5.6970453,2.5660486,Source,LumA
TCGA-A2-A0ET-01A-31D-A032-05,5.56567,-1.3330194,Source,LumA
TCGA-C8-A12Y-01A-11D-A12E-05,3.2193525,-3.2395642,Source,LumA
TCGA-AN-A049-01A-21D-A00Y-05,5.115552,-1.0228046,Source,LumA
TCGA-BH-A0DZ-01A-11D-A00Y-05,6.0993886,1.3447157,Source,LumA
TCGA-BH-A0H5-01A-21D-A112-05,0.44901234,0.30467737,Source,LumA
TCGA-B6-A0IG-01A-11D-A032-05,5.9979124,1.2541534,Source,LumA
TCGA-A2-A0EV-01A-11D-A032-05,5.933218,-2.2418804,Source,LumA
TCGA-A7-A0DC-01A-11D-A00Y-05,4.6245856,-2.718955,Source,LumA
TCGA-E2-A15E-01A-11D-A12E-05,3.1180093,-3.198578,Source,LumA
TCGA-BH-A18I-01A-11D-A12E-05,4.990119,-2.5270674,Source,LumA
TCGA-B6-A0IO-01A-11D-A032-05,4.4599204,-1.8953023,Source,LumA
TCGA-BH-A0BR-01A-21D-A112-05,3.8411224,-0.45627385,Source,LumA
TCGA-A2-A0EO-01A-11D-A032-05,4.741051,-0.6873282,Source,LumA
TCGA-BH-A0E9-01B-11D-A112-05,2.921457,-2.3175213,Source,LumA
TCGA-A2-A0ER-01A-21D-A032-05,4.6115355,-2.317898,Source,LumA
TCGA-AN-A041-01A-11D-A032-05,6.016769,-2.0805662,Source,LumA
TCGA-C8-A12O-01A-11D-A112-05,3.3817713,-3.1966517,Source,LumA
TCGA-B6-A0IE-01A-11D-A032-05,3.6734521,-2.0420773,Source,LumA
TCGA-A8-A08A-01A-11D-A00Y-05,3.8568518,-3.2197292,Source,LumA
TCGA-AN-A0FK-01A-11D-A032-05,3.310094,-3.144002,Source,LumA
TCGA-AO-A0J5-01A-11D-A032-05,6.4296174,1.3518733,Source,LumA
TCGA-E2-A15M-01A-11D-A12E-05,3.8774369,-1.0539708,Source,LumA
TCGA-A8-A08Z-01A-21D-A00Y-05,4.296291,-2.9297535,Source,LumA
TCGA-D8-A141-01A-11D-A112-05,2.7696128,-2.7438097,Source,LumA
TCGA-E2-A15C-01A-31D-A12E-05,4.7863555,-2.2792706,Source,LumA
TCGA-BH-A0BP-01A-11D-A112-05,4.303705,1.5402925,Source,LumA
TCGA-BH-A0EA-01A-11D-A112-05,3.0159154,-2.9968932,Source,LumA
TCGA-A8-A07B-01A-11D-A00Y-05,6.080314,1.2337344,Source,LumA
TCGA-BH-A0DE-01A-11D-A112-05,6.175951,-0.26817805,Source,LumA
TCGA-A2-A0CU-01A-12D-A032-05,4.4989495,-1.6300976,Source,LumA
TCGA-BH-A18N-01A-11D-A12E-05,3.3892546,-3.2551644,Source,LumA
TCGA-B6-A0I5-01A-11D-A032-05,4.0592303,-0.4780863,Source,LumA
TCGA-A8-A07E-01A-11D-A032-05,5.054989,-0.95115536,Source,LumA
TCGA-A8-A06U-01A-11D-A00Y-05,5.6213326,-0.52692837,Source,LumA
TCGA-E2-A15P-01A-11D-A112-05,3.7109122,-3.0753207,Source,LumA
TCGA-E2-A10A-01A-21D-A112-05,3.4121816,-2.7866447,Source,LumA
TCGA-A8-A07F-01A-11D-A00Y-05,5.9672074,-1.003796,Source,LumA
TCGA-A2-A1FX-01A-11D-A13K-05,5.4865246,-1.1720622,Source,LumB
TCGA-E9-A249-01A-11D-A16A-05,3.6073403,-0.6485158,Source,LumB
TCGA-D8-A1J8-01A-11D-A13K-05,5.7005634,1.9767042,Source,LumB
TCGA-AR-A0TV-01A-21D-A10P-05,5.4765954,1.0994774,Source,LumB
TCGA-BH-A0C3-01A-21D-A12R-05,2.9772346,-1.5018908,Source,LumB
TCGA-A1-A0SI-01A-11D-A145-05,4.353975,-2.0569708,Source,LumB
TCGA-BH-A1FM-01A-11D-A13K-05,5.0006294,-1.6881487,Source,LumB
TCGA-C8-A274-01A-11D-A16G-05,5.582674,2.0592666,Source,LumB
TCGA-BH-A0W3-01A-11D-A10A-05,4.781841,-1.7210615,Source,LumB
TCGA-E9-A1RE-01A-11D-A161-05,6.1024246,1.1635143,Source,LumB
TCGA-D8-A1X6-01A-11D-A14N-05,5.170909,-2.4604914,Source,LumB
TCGA-C8-A8HQ-01A-11D-A36K-05,5.7713656,0.85772055,Source,LumB
TCGA-B6-A0WW-01A-11D-A10A-05,5.885213,1.0256516,Source,LumB
TCGA-C8-A1HL-01A-11D-A138-05,4.828176,-0.9935301,Source,LumB
TCGA-BH-A1F8-01A-11D-A13K-05,5.4412174,0.13166428,Source,LumB
TCGA-D8-A1XZ-01A-11D-A14N-05,5.869622,-1.1816298,Source,LumB
TCGA-EW-A1PC-01B-11D-A21R-05,5.8731065,0.21823381,Source,LumB
TCGA-D8-A1XR-01A-11D-A14N-05,4.3615365,-2.6528895,Source,LumB
TCGA-EW-A1OX-01A-11D-A145-05,6.043119,2.0208638,Source,LumB
TCGA-D8-A1XL-01A-11D-A14N-05,3.8408546,-1.6384082,Source,LumB
TCGA-A2-A0SV-01A-11D-A10P-05,4.0740733,-0.13635683,Source,LumB
TCGA-AR-A24R-01A-11D-A16A-05,5.516728,1.4753554,Source,LumB
TCGA-E9-A22H-01A-11D-A161-05,4.774506,-1.495968,Source,LumB
TCGA-B6-A0WV-01A-11D-A10A-05,5.343716,-0.30100673,Source,LumB
TCGA-E9-A2JS-01A-11D-A17Z-05,5.8832107,2.4048927,Source,LumB
TCGA-BH-A0BF-01A-21D-A12R-05,3.7273188,0.42744777,Source,LumB
TCGA-AO-A1KP-01A-11D-A13K-05,5.4562373,0.71616524,Source,LumB
TCGA-D8-A27R-01A-11D-A16G-05,3.0718994,-0.2502657,Source,LumB
TCGA-GM-A2DO-01A-11D-A18O-05,1.865069,1.0481517,Source,LumB
TCGA-BH-A0BZ-01A-31D-A12R-05,5.9015737,1.8198221,Source,LumB
TCGA-B6-A0X5-01A-21D-A10A-05,5.8293633,-2.308104,Source,LumB
TCGA-AR-A0TQ-01A-11D-A10P-05,4.0906725,1.5048636,Source,LumB
TCGA-AR-A24H-01A-11D-A16A-05,5.9274373,0.52380806,Source,LumB
TCGA-E9-A22D-01A-11D-A161-05,5.583232,2.7732613,Source,LumB
TCGA-D8-A27N-01A-11D-A16G-05,4.49953,1.290217,Source,LumB
TCGA-C8-A26W-01A-11D-A16G-05,4.6400247,-2.6866772,Source,LumB
TCGA-AO-A1KT-01A-11D-A13K-05,6.0264783,-1.2969247,Source,LumB
TCGA-C8-A3M8-01A-11D-A212-05,6.103789,1.9490294,Source,LumB
TCGA-E9-A1RG-01A-11D-A14H-05,4.885789,-2.8166788,Source,LumB
TCGA-EW-A1IY-01A-11D-A13K-05,3.2536852,0.28127855,Source,LumB
TCGA-AR-A24N-01A-11D-A16A-05,5.2375774,1.9621942,Source,LumB
TCGA-D8-A1Y1-01A-21D-A14N-05,5.7772055,-1.1538273,Source,LumB
TCGA-A2-A04R-01A-41D-A10A-05,6.241243,0.42054266,Source,LumB
TCGA-A2-A25E-01A-11D-A16A-05,5.0392447,-0.66564286,Source,LumB
TCGA-A2-A0YT-01A-11D-A10A-05,5.8859496,-0.4531627,Source,LumB
TCGA-A2-A0YG-01A-21D-A10A-05,5.6349907,2.1690063,Source,LumB
TCGA-EW-A1OY-01A-11D-A145-05,4.9353285,-2.7251782,Source,LumB
TCGA-AR-A24Z-01A-11D-A16A-05,5.360312,-0.672044,Source,LumB
TCGA-D8-A1JJ-01A-31D-A14N-05,4.4556923,-0.4109475,Source,LumB
TCGA-E9-A228-01A-31D-A161-05,5.6671257,2.8314788,Source,LumB
TCGA-E2-A1L7-01A-11D-A145-05,4.6851373,1.789334,Source,LumB
TCGA-5T-A9QA-01A-11D-A41Q-05,5.724028,2.8678038,Source,LumB
TCGA-B6-A1KN-01A-11D-A13K-05,5.946745,0.89108753,Source,LumB
TCGA-3C-AALJ-01A-31D-A41Q-05,5.9545074,1.9872364,Source,LumB
TCGA-E9-A54Y-01A-11D-A268-05,6.319031,0.5608943,Source,LumB
TCGA-D8-A1JT-01A-31D-A13K-05,5.2239122,-1.094684,Source,LumB
TCGA-D8-A1JE-01A-11D-A13K-05,3.8028672,-2.133402,Source,LumB
TCGA-A2-A0SW-01A-11D-A10P-05,5.774999,-0.8427564,Source,LumB
TCGA-D8-A27W-01A-11D-A16G-05,4.8563232,0.923353,Source,LumB
TCGA-Z7-A8R6-01A-11D-A41Q-05,4.6806173,-2.3779461,Source,LumB
TCGA-LL-A5YM-01A-11D-A28C-05,6.073029,2.0569394,Source,LumB
TCGA-AO-A0JM-01A-21D-A10P-05,6.1628747,1.1145874,Source,LumB
TCGA-D8-A1JI-01A-11D-A13K-05,5.477424,-1.4505615,Source,LumB
TCGA-A7-A6VX-01A-12D-A33F-05,5.269529,-1.365958,Source,LumB
TCGA-AC-A2BM-01A-11D-A21R-05,4.6771894,0.60558337,Source,LumB
TCGA-AQ-A04H-01B-11D-A10N-05,6.3486786,1.6673678,Source,LumB
TCGA-A2-A0YH-01A-11D-A10A-05,4.8169236,-2.7819536,Source,LumB
TCGA-E9-A22A-01A-11D-A161-05,5.2540474,2.6892934,Source,LumB
TCGA-S3-A6ZF-01A-32D-A32T-05,4.749957,-0.44933107,Source,LumB
TCGA-AR-A250-01A-31D-A16A-05,6.0906057,1.3410746,Source,LumB
TCGA-AO-A03N-01B-11D-A10N-05,4.535797,-2.0718646,Source,LumB
TCGA-A2-A1G4-01A-11D-A13K-05,5.2990856,1.4284216,Source,LumB
TCGA-EW-A1OZ-01A-11D-A145-05,5.807939,2.0940342,Source,LumB
TCGA-EW-A1P0-01A-11D-A145-05,4.0903664,-1.238824,Source,LumB
TCGA-BH-A1FN-01A-11D-A13K-05,3.81619,-2.7670114,Source,LumB
TCGA-BH-A42T-01A-11D-A244-05,5.181118,1.8239013,Source,LumB
TCGA-E2-A15K-01A-11D-A12R-05,5.618708,-2.2828653,Source,LumB
TCGA-E9-A1N6-01A-11D-A145-05,3.2733033,0.11516898,Source,LumB
TCGA-D8-A1X5-01A-11D-A14H-05,5.8766503,0.5738065,Source,LumB
TCGA-C8-A1HM-01A-12D-A138-05,4.69275,-0.34308305,Source,LumB
TCGA-D8-A1Y2-01A-11D-A161-05,3.4583435,-2.569109,Source,LumB
TCGA-E9-A1R7-01A-11D-A14N-05,5.37772,0.9261976,Source,LumB
TCGA-BH-A0HY-01A-11D-A10P-05,5.676225,2.296484,Source,LumB
TCGA-AC-A7VB-01A-11D-A357-05,6.078331,2.2385473,Source,LumB
TCGA-D8-A1X7-01A-11D-A14N-05,4.994026,-2.2938318,Source,LumB
TCGA-BH-A1FJ-01A-11D-A13K-05,5.881706,0.6655612,Source,LumB
TCGA-E2-A9RU-01A-11D-A41Q-05,5.8819356,2.5273407,Source,LumB
TCGA-D8-A1JC-01A-11D-A13K-05,4.6031613,-2.4361842,Source,LumB
TCGA-AO-A1KS-01A-11D-A13K-05,4.312098,1.1180224,Source,LumB
TCGA-D8-A1Y3-01A-11D-A161-05,5.7386546,2.6975253,Source,LumB
TCGA-E2-A109-01A-11D-A10N-05,6.3273435,0.9930321,Source,LumB
TCGA-E9-A22E-01A-11D-A161-05,2.8347664,0.2340462,Source,LumB
TCGA-E2-A10C-01A-21D-A10N-05,5.2678204,-0.14915836,Source,LumB
TCGA-EW-A2FW-01A-11D-A17F-05,4.5756,-1.9529388,Source,LumB
TCGA-BH-A202-01A-11D-A14N-05,4.3549953,1.4078267,Source,LumB
TCGA-E9-A1RB-01A-11D-A161-05,3.9930696,-2.3461437,Source,LumB
TCGA-AR-A2LL-01A-11D-A17Z-05,4.865461,1.6341095,Source,LumB
TCGA-A2-A25C-01A-11D-A16A-05,3.1462896,-0.73080313,Source,LumB
TCGA-BH-A0H0-01A-11D-A10P-05,5.0986586,-0.5819293,Source,LumB
TCGA-BH-A0AU-01A-11D-A12R-05,3.4961107,0.10644365,Source,LumB
TCGA-A8-A075-01A-11D-A10P-05,3.9265137,-3.020817,Source,LumB
TCGA-EW-A1J6-01A-11D-A13K-05,3.6747527,-2.4828305,Source,LumB
TCGA-LL-A7T0-01A-31D-A357-05,5.2748146,1.8303998,Source,LumB
TCGA-A2-A25B-01A-11D-A16A-05,5.756632,-0.07089596,Source,LumB
TCGA-BH-A204-01A-11D-A161-05,6.5379124,0.663694,Source,LumB
TCGA-BH-A209-01A-11D-A161-05,3.9539127,2.4315372,Source,LumB
TCGA-A7-A2KD-01A-31D-A21R-05,4.573763,-2.3884184,Source,LumB
TCGA-AR-A0TT-01A-31D-A10P-05,3.5201097,1.1621889,Source,LumB
TCGA-A1-A0SN-01A-11D-A145-05,5.7350116,2.0789716,Source,LumB
TCGA-C8-A1HN-01A-11D-A138-05,3.5295308,-0.17283873,Source,LumB
TCGA-E9-A1R4-01A-21D-A14H-05,4.082022,-1.6966878,Source,LumB
TCGA-AR-A1AW-01A-21D-A12R-05,2.9227173,1.985461,Source,LumB
TCGA-E9-A54X-01A-11D-A268-05,2.6643643,-2.2372603,Source,LumB
TCGA-B6-A1KC-01B-11D-A161-05,5.480152,2.6113243,Source,LumB
TCGA-A2-A1FW-01A-11D-A13K-05,5.7887073,0.92041606,Source,LumB
TCGA-AR-A24K-01A-11D-A16A-05,4.082899,-0.45028195,Source,LumB
TCGA-B6-A0RL-01A-11D-A10P-05,5.9021416,2.4905438,Source,LumB
TCGA-E9-A1NI-01A-11D-A14H-05,5.330395,-0.5167823,Source,LumB
TCGA-BH-A1F2-01A-31D-A13K-05,5.667065,-0.4688591,Source,LumB
TCGA-AO-A0JD-01A-11D-A10P-05,5.1300154,-1.7915076,Source,LumB
TCGA-E9-A5UO-01A-11D-A28C-05,6.2409115,0.80380464,Source,LumB
TCGA-AR-A2LK-01A-11D-A17Z-05,5.513694,0.5941453,Source,LumB
TCGA-D8-A1J9-01A-11D-A13K-05,5.412649,1.4216169,Source,LumB
TCGA-AR-A0U2-01A-11D-A10A-05,3.2140222,0.15554696,Source,LumB
TCGA-AR-A24S-01A-11D-A16A-05,4.911156,-2.8179457,Source,LumB
TCGA-A2-A4S3-01A-21D-A268-05,1.2805715,0.2642718,Source,LumB
TCGA-C8-A26V-01A-11D-A16G-05,5.4977264,1.1487797,Source,LumB
TCGA-D8-A1JD-01A-11D-A13K-05,5.149458,-1.1753432,Source,LumB
TCGA-S3-AA17-01A-11D-A41Q-05,5.399361,1.3460598,Source,LumB
TCGA-D8-A1XF-01A-11D-A14H-05,5.7298503,2.8653834,Source,LumB
TCGA-BH-A0C0-01A-21D-A10P-05,2.9334528,1.8544925,Source,LumB
TCGA-E9-A226-01A-21D-A161-05,4.464514,2.3014545,Source,LumB
TCGA-E2-A56Z-01A-12D-A29O-05,5.087084,-1.1556808,Source,LumB
TCGA-E9-A1NF-01A-11D-A14H-05,4.7430983,-0.17447007,Source,LumB
TCGA-A7-A13F-01A-11D-A12R-05,6.216329,0.76780844,Source,LumB
TCGA-E9-A1NA-01A-11D-A145-05,5.7882156,2.3451207,Source,LumB
TCGA-C8-A1HG-01A-11D-A138-05,4.1426935,-2.2444634,Source,LumB
TCGA-AN-A0XR-01A-11D-A10A-05,5.4544435,1.3328441,Source,LumB
TCGA-C8-A27A-01A-11D-A16A-05,5.265263,0.7561365,Source,LumB
TCGA-BH-A0HW-01A-11D-A032-05,4.199177,-0.9801875,Source,LumB
TCGA-A8-A081-01A-11D-A00Y-05,6.016581,-2.212841,Source,LumB
TCGA-A8-A09Z-01A-11D-A00Y-05,6.192204,-1.0482082,Source,LumB
TCGA-A8-A06Q-01A-11D-A032-05,5.508479,-1.4637741,Source,LumB
TCGA-AO-A03O-01A-11D-A00Y-05,5.9018717,-0.70019877,Source,LumB
TCGA-AN-A0AM-01A-11D-A032-05,3.8014207,-0.46941766,Source,LumB
TCGA-A8-A07W-01A-11D-A00Y-05,6.033683,-2.1758485,Source,LumB
TCGA-A8-A06O-01A-11D-A00Y-05,4.83017,1.7813107,Source,LumB
TCGA-AO-A0J3-01A-11D-A032-05,6.474034,0.2909591,Source,LumB
TCGA-B6-A0IB-01A-11D-A032-05,5.9842944,-2.114503,Source,LumB
TCGA-AN-A0AJ-01A-11D-A00Y-05,6.4673095,1.2117351,Source,LumB
TCGA-AO-A0J7-01A-11D-A032-05,5.455555,-0.9151132,Source,LumB
TCGA-A2-A0CW-01A-21D-A112-05,2.9722726,-2.711065,Source,LumB
TCGA-BH-A0BD-01A-11D-A032-05,3.8723505,-0.77034324,Source,LumB
TCGA-A8-A076-01A-21D-A00Y-05,6.3035936,1.3163512,Source,LumB
TCGA-A8-A095-01A-11D-A00Y-05,4.3423257,-0.24031578,Source,LumB
TCGA-AN-A03Y-01A-21D-A00Y-05,5.0450573,1.5932075,Source,LumB
TCGA-AN-A0FF-01A-11D-A032-05,5.4693503,1.8169018,Source,LumB
TCGA-A8-A084-01A-21D-A00Y-05,6.1093183,1.6957426,Source,LumB
TCGA-A8-A06N-01A-11D-A00Y-05,5.607957,-1.249062,Source,LumB
TCGA-A8-A092-01A-11D-A00Y-05,5.1610165,-2.2608132,Source,LumB
TCGA-C8-A12W-01A-11D-A112-05,6.043249,-1.1797704,Source,LumB
TCGA-A8-A07L-01A-11D-A00Y-05,6.078425,0.42026496,Source,LumB
TCGA-E2-A15A-01A-11D-A12E-05,6.3074207,-1.1097118,Source,LumB
TCGA-AN-A0AK-01A-21D-A00Y-05,6.1168056,-0.17223945,Source,LumB
TCGA-E2-A155-01A-11D-A12E-05,6.4880095,0.25915635,Source,LumB
TCGA-A8-A096-01A-11D-A00Y-05,5.436025,-1.0645623,Source,LumB
TCGA-A2-A04Y-01A-21D-A032-05,4.363581,-0.84935147,Source,LumB
TCGA-A8-A08S-01A-11D-A032-05,5.794391,1.1359915,Source,LumB
TCGA-BH-A18L-01A-32D-A12E-05,6.199039,-1.2243667,Source,LumB
TCGA-A2-A0CY-01A-12D-A032-05,2.7579908,-2.9909995,Source,LumB
TCGA-BH-A0HU-01A-11D-A032-05,4.0727057,-2.7611194,Source,LumB
TCGA-A8-A06Z-01A-11D-A00Y-05,5.737736,-2.5176027,Source,LumB
TCGA-A8-A09I-01A-22D-A032-05,6.40641,1.4427531,Source,LumB
TCGA-A8-A079-01A-21D-A00Y-05,5.995798,2.407376,Source,LumB
TCGA-BH-A0C7-01B-11D-A112-05,6.1791596,0.8540675,Source,LumB
TCGA-C8-A12M-01A-11D-A112-05,6.14538,1.8553573,Source,LumB
TCGA-C8-A130-01A-31D-A112-05,3.1475048,-3.0420403,Source,LumB
TCGA-E2-A15S-01A-11D-A112-05,5.135395,2.4806144,Source,LumB
TCGA-D8-A13Y-01A-11D-A112-05,3.5871024,-2.8624563,Source,LumB
TCGA-B6-A0IN-01A-11D-A032-05,4.710694,1.9223119,Source,LumB
TCGA-E2-A14O-01A-31D-A112-05,6.3301315,-1.3247434,Source,LumB
TCGA-A8-A06R-01A-11D-A00Y-05,5.549672,-2.0766113,Source,LumB
TCGA-A2-A0EY-01A-11D-A032-05,5.962295,-1.1544021,Source,LumB
TCGA-A7-A0CJ-01A-21D-A00Y-05,5.9372597,2.4453104,Source,LumB
TCGA-A8-A07S-01A-11D-A032-05,4.764539,-1.9696311,Source,LumB
TCGA-AN-A0FY-01A-11D-A032-05,3.6498652,-3.1731234,Source,LumB
TCGA-A8-A08G-01A-11D-A00Y-05,3.7507823,-3.2497091,Source,LumB
TCGA-A8-A09E-01A-11D-A00Y-05,5.96069,1.443216,Source,LumB
TCGA-A8-A09N-01A-11D-A00Y-05,5.235032,-1.3627635,Source,LumB
TCGA-A8-A09R-01A-11D-A00Y-05,5.0166707,0.9803629,Source,LumB
TCGA-A2-A0D4-01A-11D-A00Y-05,6.425599,0.37738475,Source,LumB
TCGA-AR-A0TY-01A-12D-A112-05,5.9880443,-2.260718,Source,LumB
TCGA-BH-A18U-01A-21D-A12E-05,6.323435,-0.9901661,Source,LumB
TCGA-A8-A08I-01A-11D-A00Y-05,4.2201233,-2.3260245,Source,LumB
TCGA-C8-A12U-01A-11D-A112-05,4.4700418,1.9356843,Source,LumB
TCGA-A8-A09M-01A-11D-A00Y-05,6.166074,-1.4485952,Source,LumB
TCGA-A8-A082-01A-11D-A00Y-05,4.468433,0.7770573,Source,LumB
TCGA-A8-A09Q-01A-11D-A00Y-05,6.4349504,1.2603072,Source,LumB
TCGA-E2-A15T-01A-11D-A112-05,4.868988,-1.343336,Source,LumB
TCGA-A2-A0T3-01A-21D-A112-05,5.713134,2.5108643,Source,LumB
TCGA-A2-A3XT-01A-11D-A230-05,-0.35216856,0.7408468,Source,Basal
TCGA-AO-A124-01A-11D-A10N-05,-1.0279244,-0.690935,Source,Basal
TCGA-A2-A3Y0-01A-11D-A23D-05,-0.75524396,-0.34368297,Source,Basal
TCGA-A7-A6VV-01A-22D-A33F-05,-0.9399937,0.1511806,Source,Basal
TCGA-A7-A26F-01B-04D-A22R-05,3.2139313,1.8558383,Source,Basal
TCGA-EW-A1OW-01A-21D-A145-05,-1.0183244,-0.32092327,Source,Basal
TCGA-E9-A3QA-01A-61D-A22B-05,-0.20529814,0.33195493,Source,Basal
TCGA-A7-A4SE-01A-11D-A268-05,-1.1359144,0.7418773,Source,Basal
TCGA-PL-A8LV-01A-21D-A41Q-05,-0.43636447,0.8403568,Source,Basal
TCGA-E9-A5FL-01A-11D-A27Y-05,-0.38560513,-0.23841764,Source,Basal
TCGA-EW-A1PH-01A-11D-A14N-05,-1.1061739,-0.32069355,Source,Basal
TCGA-C8-A1HJ-01A-11D-A13K-05,-1.131238,0.3029944,Source,Basal
TCGA-AR-A1AY-01A-21D-A12R-05,-0.5021715,1.3523103,Source,Basal
TCGA-BH-A0WA-01A-11D-A10A-05,-1.1920397,0.10407769,Source,Basal
TCGA-E2-A1LH-01A-11D-A14H-05,-0.35996798,0.8391663,Source,Basal
TCGA-E2-A1LG-01A-21D-A14N-05,-1.0103767,-0.2720566,Source,Basal
TCGA-AO-A0JL-01A-11D-A10P-05,-0.43800536,1.5263243,Source,Basal
TCGA-E9-A22G-01A-11D-A161-05,-0.6100643,0.89131176,Source,Basal
TCGA-D8-A1XK-01A-21D-A14N-05,-0.94339705,0.9913441,Source,Basal
TCGA-A2-A0YM-01A-11D-A10A-05,-0.21787168,1.6864814,Source,Basal
TCGA-OL-A66I-01A-21D-A29O-05,0.19886626,1.7273325,Source,Basal
TCGA-E2-A1LK-01A-21D-A14H-05,-0.13686287,1.6789625,Source,Basal
TCGA-AC-A2QH-01B-04D-A22R-05,-0.4374358,-0.53243345,Source,Basal
TCGA-S3-AA10-01A-21D-A41Q-05,-0.32382807,0.49791405,Source,Basal
TCGA-BH-A1F0-01A-11D-A138-05,0.11293402,0.26002115,Source,Basal
TCGA-A2-A4RX-01A-11D-A268-05,-0.99310505,1.049789,Source,Basal
TCGA-A7-A13E-01A-11D-A12R-05,-0.15607585,1.5328279,Source,Basal
TCGA-B6-A400-01A-11D-A23D-05,-0.79047036,0.3437601,Source,Basal
TCGA-OL-A5RW-01A-11D-A28C-05,-1.2109882,0.7724336,Source,Basal
TCGA-AR-A0TP-01A-11D-A10P-05,-1.0339605,1.1040146,Source,Basal
TCGA-GM-A2DF-01A-11D-A17Z-05,0.10230319,1.5906173,Source,Basal
TCGA-LL-A8F5-01A-11D-A36K-05,-0.547711,0.9396651,Source,Basal
TCGA-A1-A0SO-01A-22D-A10P-05,-0.883574,1.1855245,Source,Basal
TCGA-AC-A6IW-01A-12D-A33F-05,-0.37724844,0.8377653,Source,Basal
TCGA-EW-A1P8-01A-11D-A145-05,-1.0240328,0.33572754,Source,Basal
TCGA-B6-A402-01A-11D-A23D-05,-1.3073322,0.29249585,Source,Basal
TCGA-AR-A1AQ-01A-11D-A12R-05,0.039366037,1.4909685,Source,Basal
TCGA-A2-A0T0-01A-22D-A10P-05,-0.9853666,-0.0967687,Source,Basal
TCGA-BH-A1FC-01A-11D-A13K-05,0.019478498,1.8236761,Source,Basal
TCGA-BH-A1F6-01A-11D-A13K-05,-0.13601366,1.744599,Source,Basal
TCGA-S3-AA0Z-01A-11D-A41Q-05,-1.1179042,0.9545376,Source,Basal
TCGA-B6-A0RT-01A-21D-A10P-05,0.7412673,0.84226036,Source,Basal
TCGA-OL-A5S0-01A-11D-A28C-05,-1.0439072,0.6706768,Source,Basal
TCGA-A1-A0SK-01A-12D-A10P-05,-1.2868043,0.27056938,Source,Basal
TCGA-D8-A1XQ-01A-11D-A14N-05,-0.5077773,0.3883808,Source,Basal
TCGA-A2-A3XS-01A-11D-A230-05,-0.4670972,1.5537738,Source,Basal
TCGA-AO-A128-01A-11D-A10N-05,0.6188256,0.7059083,Source,Basal
TCGA-BH-A5IZ-01A-11D-A27Y-05,-0.70737606,0.67644495,Source,Basal
TCGA-AC-A7VC-01A-11D-A357-05,-0.607885,-0.4661564,Source,Basal
TCGA-E2-A14N-01A-31D-A138-05,-0.66416657,0.9221653,Source,Basal
TCGA-A7-A26G-01A-21D-A16A-05,-0.4903591,-0.07072285,Source,Basal
TCGA-AR-A1AR-01A-31D-A138-05,-0.19523421,1.187849,Source,Basal
TCGA-OL-A6VO-01A-12D-A33F-05,-0.8817923,0.90122545,Source,Basal
TCGA-S3-AA15-01A-11D-A41Q-05,0.33830297,0.7165335,Source,Basal
TCGA-E9-A244-01A-11D-A16A-05,-0.78432405,0.50722516,Source,Basal
TCGA-E9-A1N9-01A-11D-A14H-05,2.1220782,0.53102344,Source,Basal
TCGA-AC-A8OQ-01A-11D-A41Q-05,-0.33975202,-0.0017525903,Source,Basal
TCGA-A2-A3XX-01A-21D-A23D-05,-0.9116702,1.0717609,Source,Basal
TCGA-E2-A1LL-01A-11D-A145-05,2.4508176,1.2031488,Source,Basal
TCGA-E2-A1LI-01A-12D-A161-05,-0.5721975,0.68730855,Source,Basal
TCGA-AQ-A54N-01A-11D-A268-05,-1.0299577,0.4898814,Source,Basal
TCGA-EW-A3U0-01A-11D-A22B-05,-0.37755236,-0.16997904,Source,Basal
TCGA-AR-A1AJ-01A-21D-A12R-05,-0.052830372,0.82953316,Source,Basal
TCGA-E2-A1II-01A-11D-A145-05,-0.053168565,0.4550485,Source,Basal
TCGA-LL-A5YP-01A-21D-A28C-05,-1.0112566,0.24327384,Source,Basal
TCGA-BH-A0RX-01A-21D-A10P-05,0.029402673,0.60517573,Source,Basal
TCGA-PL-A8LZ-01A-31D-A36K-05,-0.39181378,0.29587936,Source,Basal
TCGA-LL-A6FR-01A-12D-A31V-05,-1.1688802,-0.1751942,Source,Basal
TCGA-A1-A0SP-01A-11D-A10P-05,-0.24180415,0.98324007,Source,Basal
TCGA-OL-A5D7-01A-11D-A27Y-05,0.015953325,1.5954794,Source,Basal
TCGA-A2-A1G1-01A-21D-A13K-05,0.022566713,1.132681,Source,Basal
TCGA-E2-A573-01A-11D-A29O-05,-0.73586196,0.29743612,Source,Basal
TCGA-AO-A1KR-01A-12D-A145-05,-0.10578697,1.4742635,Source,Basal
TCGA-BH-A0B3-01A-11D-A10P-05,-0.5295195,0.80893373,Source,Basal
TCGA-EW-A6SB-01A-12D-A32T-05,0.11375222,1.0050627,Source,Basal
TCGA-B6-A0WX-01A-11D-A10A-05,-0.41634804,1.3905818,Source,Basal
TCGA-AN-A0XU-01A-11D-A10A-05,-1.1237764,0.48253542,Source,Basal
TCGA-E9-A1ND-01A-11D-A145-05,1.2656947,0.8212784,Source,Basal
TCGA-AC-A2BK-01A-11D-A21R-05,-0.6180953,0.11183216,Source,Basal
TCGA-AO-A129-01A-21D-A10N-05,-0.5038131,0.5518974,Source,Basal
TCGA-EW-A1P4-01A-21D-A145-05,-0.3038771,0.4481673,Source,Basal
TCGA-AR-A256-01A-11D-A16A-05,-0.60005075,0.5750347,Source,Basal
TCGA-E9-A1N8-01A-11D-A145-05,-1.2240497,0.14071804,Source,Basal
TCGA-A7-A13D-01A-13D-A12R-05,-0.95311165,0.6281841,Source,Basal
TCGA-LL-A73Y-01A-11D-A33F-05,-1.1483421,0.2174054,Source,Basal
TCGA-A7-A6VY-01A-12D-A33F-05,-0.03447903,1.1955619,Source,Basal
TCGA-A7-A4SD-01A-11D-A268-05,-0.81604695,-0.57094663,Source,Basal
TCGA-AR-A1AI-01A-11D-A12R-05,-0.6372281,-0.33231995,Source,Basal
TCGA-E2-A574-01A-11D-A29O-05,-0.89782625,0.119717374,Source,Basal
TCGA-E9-A243-01A-21D-A16A-05,0.1451893,0.118556246,Source,Basal
TCGA-B6-A1KF-01A-11D-A13K-05,-0.4393065,1.5335162,Source,Basal
TCGA-AC-A62X-01A-11D-A29O-05,-0.13922285,1.4289467,Source,Basal
TCGA-AR-A24Q-01A-12D-A16A-05,-1.0790228,0.48187497,Source,Basal
TCGA-AR-A2LR-01A-12D-A18O-05,-1.1590737,0.70197827,Source,Basal
TCGA-B6-A409-01A-11D-A244-05,-0.68917,0.19401589,Source,Basal
TCGA-A2-A0SX-01A-12D-A10P-05,-1.073276,0.5362337,Source,Basal
TCGA-GM-A3XL-01A-11D-A230-05,-0.67999357,1.4271941,Source,Basal
TCGA-A7-A6VW-01A-21D-A33F-05,-0.60590255,1.5888085,Source,Basal
TCGA-E2-A1LS-01A-12D-A161-05,-0.51739067,1.3669748,Source,Basal
TCGA-D8-A1JL-01A-11D-A13K-05,-0.64090824,0.564766,Source,Basal
TCGA-D8-A27F-01A-11D-A16G-05,-1.231537,0.026919138,Source,Basal
TCGA-AR-A251-01A-12D-A16A-05,-1.031394,0.34744647,Source,Basal
TCGA-D8-A27H-01A-11D-A16G-05,-0.9591603,1.224722,Source,Basal
TCGA-A2-A4S1-01A-21D-A268-05,1.9630822,1.0195049,Source,Basal
TCGA-B6-A0RE-01A-11D-A10P-05,-0.73057526,0.6202002,Source,Basal
TCGA-B6-A0I1-01A-11D-A21R-05,-1.1005839,-0.13564658,Source,Basal
TCGA-AR-A5QQ-01A-11D-A28C-05,1.8450602,1.001556,Source,Basal
TCGA-E2-A1B6-01A-31D-A12R-05,0.34601328,0.42877373,Source,Basal
TCGA-E2-A1AZ-01A-11D-A12R-05,-0.5008877,0.7064863,Source,Basal
TCGA-BH-A0B9-01A-11D-A10P-05,-0.60859764,0.36629444,Source,Basal
TCGA-BH-A0E0-01A-11D-A10P-05,-0.608075,0.76871514,Source,Basal
TCGA-A2-A3XU-01A-12D-A230-05,-1.1364487,0.17767146,Source,Basal
TCGA-D8-A1JK-01A-11D-A13K-05,2.4536643,0.90970224,Source,Basal
TCGA-B6-A0RU-01A-11D-A10P-05,-1.085439,0.94813347,Source,Basal
TCGA-GI-A2C9-01A-11D-A21R-05,-0.8144696,0.700918,Source,Basal
TCGA-A2-A3XY-01A-11D-A23D-05,-0.3268739,0.9297576,Source,Basal
TCGA-C8-A27B-01A-11D-A16A-05,-0.81412125,0.64207923,Source,Basal
TCGA-AC-A2QJ-01A-12D-A19Z-05,-0.5004255,-0.43651575,Source,Basal
TCGA-A2-A0T2-01A-11D-A10P-05,-0.78042126,0.69299453,Source,Basal
TCGA-A2-A0ST-01A-12D-A10P-05,0.33857468,0.54794765,Source,Basal
TCGA-EW-A1PB-01A-11D-A145-05,0.13112742,0.74617356,Source,Basal
TCGA-A7-A5ZV-01A-11D-A28C-05,0.012547442,1.8285471,Source,Basal
TCGA-A2-A25F-01A-11D-A16A-05,0.7685593,0.809962,Source,Basal
TCGA-AR-A0U4-01A-11D-A10A-05,-0.088703044,0.86661077,Source,Basal
TCGA-B6-A3ZX-01A-11D-A23D-05,0.2615052,0.5380043,Source,Basal
TCGA-HN-A2NL-01A-11D-A18O-05,-0.7227384,1.4997436,Source,Basal
TCGA-D8-A27M-01A-11D-A16G-05,-0.18876493,0.55485797,Source,Basal
TCGA-BH-A18V-01A-11D-A12E-05,-1.1823597,-0.60982317,Source,Basal
TCGA-AN-A0FX-01A-11D-A032-05,0.0013099634,1.7870034,Source,Basal
TCGA-BH-A0BG-01A-11D-A112-05,-1.1390675,-0.60416687,Source,Basal
TCGA-A8-A08R-01A-11D-A032-05,-0.47799268,0.8255841,Source,Basal
TCGA-C8-A131-01A-11D-A112-05,1.8188431,0.86457884,Source,Basal
TCGA-A2-A04T-01A-21D-A032-05,-1.2950372,0.41974485,Source,Basal
TCGA-AN-A0AT-01A-11D-A032-05,-0.99732876,-0.5582364,Source,Basal
TCGA-BH-A18Q-01A-12D-A12E-05,-1.2593361,-0.34659496,Source,Basal
TCGA-C8-A134-01A-11D-A112-05,-0.16832456,0.64461064,Source,Basal
TCGA-E2-A14R-01A-11D-A112-05,-1.1795174,-0.6644678,Source,Basal
TCGA-D8-A142-01A-11D-A112-05,-1.0996937,-0.74878854,Source,Basal
TCGA-BH-A18G-01A-11D-A12E-05,0.006058025,1.7883258,Source,Basal
TCGA-C8-A12K-01A-21D-A112-05,-0.92027295,-0.3415736,Source,Basal
TCGA-A2-A04P-01A-31D-A032-05,-1.2488624,-0.29053074,Source,Basal
TCGA-E2-A159-01A-11D-A112-05,0.60525554,0.11858003,Source,Basal
TCGA-AN-A0FL-01A-11D-A032-05,-1.1322603,-0.6241174,Source,Basal
TCGA-A2-A0CM-01A-31D-A032-05,0.11568367,1.7602639,Source,Basal
TCGA-D8-A147-01A-11D-A112-05,-1.1812503,-0.6232013,Source,Basal
TCGA-AO-A0J6-01A-11D-A032-05,-0.0955527,1.2569342,Source,Basal
TCGA-BH-A0E6-01A-11D-A032-05,0.031594243,1.6512654,Source,Basal
TCGA-E2-A150-01A-11D-A12E-05,-1.051751,-0.74652106,Source,Basal
TCGA-A7-A0CE-01A-11D-A00Y-05,-0.8483191,0.61022514,Source,Basal
TCGA-A8-A07O-01A-11D-A00Y-05,-1.1296432,-0.66253656,Source,Basal
TCGA-E2-A158-01A-11D-A12E-05,-1.1926003,-0.76515335,Source,Basal
TCGA-AN-A0AR-01A-11D-A00Y-05,-1.1213294,-0.7745445,Source,Basal
TCGA-AR-A0TS-01A-11D-A112-05,0.27612367,0.19241923,Source,Basal
TCGA-B6-A0I2-01A-11D-A032-05,-0.8534983,-0.58183104,Source,Basal
TCGA-AR-A1AH-01A-11D-A12E-05,-1.1514561,-0.32080173,Source,Basal
TCGA-B6-A0IQ-01A-11D-A032-05,-1.1402291,-0.31960306,Source,Basal
TCGA-AN-A0G0-01A-11D-A032-05,-1.0673195,-0.67312986,Source,Basal
TCGA-AO-A0J4-01A-11D-A032-05,-1.1564982,-0.3882405,Source,Basal
TCGA-AN-A0FJ-01A-11D-A00Y-05,-1.1289234,-0.742686,Source,Basal
TCGA-B6-A0I6-01A-11D-A032-05,-1.1368771,0.25888497,Source,Basal
TCGA-AN-A0AL-01A-11D-A00Y-05,-1.0717726,-0.68849933,Source,Basal
TCGA-D8-A143-01A-11D-A112-05,1.9029024,0.8403192,Source,Basal
TCGA-C8-A12V-01A-11D-A112-05,0.25224972,0.18130101,Source,Basal
TCGA-BH-A18T-01A-11D-A12E-05,-1.0346535,-0.32256478,Source,Basal
TCGA-A8-A07U-01A-11D-A032-05,0.26200646,0.2529864,Source,Basal
TCGA-AQ-A04J-01A-02D-A032-05,-1.0748024,-0.27789935,Source,Basal
TCGA-BH-A0BW-01A-11D-A112-05,-0.88487655,-0.56667674,Source,Basal
TCGA-A2-A0D2-01A-21D-A032-05,-1.0170267,-0.63922316,Source,Basal
TCGA-BH-A0BL-01A-11D-A112-05,-1.0256108,-0.51785296,Source,Basal
TCGA-E2-A14Y-01A-21D-A12E-05,1.8620756,0.6364344,Source,Basal
TCGA-A8-A07R-01A-21D-A032-05,-1.2273346,-0.1523964,Source,Basal
TCGA-A8-A07C-01A-11D-A032-05,-1.1246849,0.10497321,Source,Basal
TCGA-A2-A0D0-01A-11D-A00Y-05,-0.71065533,0.3683594,Source,Basal
TCGA-BH-A0DL-01A-11D-A112-05,-0.59731853,-0.39976847,Source,Basal
TCGA-AO-A12F-01A-11D-A112-05,-1.0421733,0.16408291,Source,Basal
TCGA-AN-A04D-01A-21D-A032-05,-1.2435127,-0.065156154,Source,Basal
TCGA-A2-A04U-01A-11D-A112-05,-1.1665498,0.15088597,Source,Basal
TCGA-A2-A04Q-01A-21D-A032-05,1.2424635,0.7619106,Source,Basal
TCGA-A7-A0DA-01A-31D-A112-05,-1.2340279,0.65809506,Source,Basal
TCGA-B6-A0IJ-01A-11D-A032-05,-0.242233,0.551445,Source,Basal
TCGA-BH-A0AV-01A-31D-A112-05,-1.1964657,0.6881579,Source,Basal
TCGA-E2-A14X-01A-11D-A112-05,-0.9955247,0.16652475,Source,Basal
TCGA-AR-A1AT-01A-11D-A12R-05,4.311056,1.2725092,Source,Her2
TCGA-UU-A93S-01A-21D-A41Q-05,2.8675551,1.4854107,Source,Her2
TCGA-D8-A1JG-01B-11D-A13K-05,3.0130444,1.5525659,Source,Her2
TCGA-D8-A1JA-01A-11D-A13K-05,5.0681276,-0.6477994,Source,Her2
TCGA-C8-A1HK-01A-21D-A13K-05,5.3100133,-1.3603954,Source,Her2
TCGA-BH-A203-01A-12D-A16A-05,4.331744,1.8602811,Source,Her2
TCGA-JL-A3YW-01A-12D-A23D-05,3.0043998,1.6664016,Source,Her2
TCGA-GM-A2DH-01A-11D-A17Z-05,3.5866592,1.2312261,Source,Her2
TCGA-E9-A248-01A-11D-A16A-05,0.84747463,0.31843835,Source,Her2
TCGA-AR-A254-01A-21D-A16A-05,4.1877465,1.1836859,Source,Her2
TCGA-C8-A26X-01A-31D-A16G-05,3.0328581,1.6175865,Source,Her2
TCGA-C8-A1HF-01A-11D-A138-05,4.007426,0.40624508,Source,Her2
TCGA-OL-A5RZ-01A-11D-A28C-05,5.267793,-1.4667151,Source,Her2
TCGA-EW-A2FR-01A-11D-A21R-05,2.3029716,-1.6499835,Source,Her2
TCGA-C8-A8HP-01A-11D-A36K-05,1.4394859,0.43698424,Source,Her2
TCGA-AR-A24U-01A-11D-A16A-05,2.2272718,1.0336962,Source,Her2
TCGA-A2-A3XZ-01A-42D-A23D-05,1.4975547,0.79067695,Source,Her2
TCGA-EW-A1OV-01A-11D-A145-05,4.8892026,-0.16100462,Source,Her2
TCGA-AC-A23H-01A-11D-A161-05,5.7006087,2.7538302,Source,Her2
TCGA-C8-A275-01A-21D-A16G-05,3.4750226,1.8161592,Source,Her2
TCGA-E2-A1LB-01A-11D-A145-05,3.5806797,0.94944113,Source,Her2
TCGA-AO-A0JE-01A-11D-A10P-05,4.403333,1.2610382,Source,Her2
TCGA-EW-A6SD-01A-12D-A33F-05,1.7104766,-0.19488826,Source,Her2
TCGA-E9-A1RH-01A-21D-A16A-05,2.3904748,0.9992551,Source,Her2
TCGA-A2-A3XV-01A-21D-A23D-05,3.1345515,1.7534248,Source,Her2
TCGA-B6-A0RS-01A-11D-A10P-05,3.583229,-2.3732347,Source,Her2
TCGA-BH-A1EV-01A-11D-A138-05,3.5344896,0.9229075,Source,Her2
TCGA-3C-AALI-01A-11D-A41Q-05,5.2231116,-0.23855966,Source,Her2
TCGA-AC-A3W5-01A-11D-A22B-05,3.066762,1.3214204,Source,Her2
TCGA-LL-A5YO-01A-21D-A28C-05,0.88676554,0.71914965,Source,Her2
TCGA-E2-A1B0-01A-11D-A12R-05,2.3538482,0.974403,Source,Her2
TCGA-A2-A0T1-01A-21D-A10P-05,1.3505173,0.72923434,Source,Her2
TCGA-D8-A1XJ-01A-11D-A14N-05,4.572485,1.9771919,Source,Her2
TCGA-C8-A26Y-01A-11D-A16G-05,1.9414003,0.84615266,Source,Her2
TCGA-OL-A66P-01A-11D-A31V-05,2.2776895,1.1607058,Source,Her2
TCGA-AC-A5EH-01A-11D-A28C-05,3.1498866,1.2607484,Source,Her2
TCGA-B6-A0IK-01A-12D-A10P-05,3.7036448,1.8625455,Source,Her2
TCGA-BH-A0AW-01A-11D-A10P-05,3.1969287,1.3282162,Source,Her2
TCGA-GM-A2DB-01A-31D-A18O-05,2.2318373,1.052328,Source,Her2
TCGA-C8-A278-01A-11D-A16A-05,3.3713417,1.3953453,Source,Her2
TCGA-D8-A1XT-01A-11D-A14N-05,1.7213912,-0.01306353,Source,Her2
TCGA-AR-A0TX-01A-11D-A10P-05,1.6190099,0.38880652,Source,Her2
TCGA-E2-A1LE-01A-12D-A19Z-05,3.0857873,1.6169728,Source,Her2
TCGA-A7-A4SF-01A-11D-A268-05,6.0071964,-1.8939555,Source,Her2
TCGA-D8-A1JF-01A-11D-A13K-05,2.8563745,1.4834906,Source,Her2
TCGA-BH-A1EN-01A-11D-A13K-05,5.96652,2.0217006,Source,Her2
TCGA-A2-A04X-01A-21D-A032-05,3.8804128,-0.80937785,Source,Her2
TCGA-AO-A0J2-01A-11D-A032-05,0.5873462,0.0046102097,Source,Her2
TCGA-A8-A08B-01A-11D-A00Y-05,3.8947494,-0.3728819,Source,Her2
TCGA-B6-A0I9-01A-11D-A032-05,6.2798376,-1.2314324,Source,Her2
TCGA-A8-A08X-01A-21D-A00Y-05,1.9506826,0.90590024,Source,Her2
TCGA-C8-A138-01A-11D-A112-05,5.867409,-2.4202166,Source,Her2
TCGA-E2-A14P-01A-31D-A12E-05,2.1629589,0.9939708,Source,Her2
TCGA-BH-A18R-01A-11D-A12E-05,3.917661,-0.8334891,Source,Her2
TCGA-BH-A0EE-01A-11D-A032-05,2.1461437,0.8298764,Source,Her2
TCGA-C8-A12Z-01A-11D-A112-05,3.13029,-0.1766475,Source,Her2
TCGA-C8-A12L-01A-11D-A112-05,2.7270603,0.9847466,Source,Her2
TCGA-A8-A0A7-01A-11D-A00Y-05,0.7228283,0.41739473,Source,Her2
TCGA-A8-A094-01A-11D-A00Y-05,5.8658514,-2.2670555,Source,Her2
TCGA-E2-A152-01A-11D-A12E-05,3.1235287,-2.6524432,Source,Her2
TCGA-A8-A08L-01A-11D-A00Y-05,3.672121,1.2695271,Source,Her2
TCGA-A8-A08J-01A-11D-A00Y-05,6.155981,-1.2117665,Source,Her2
TCGA-BH-A0B7-01A-12D-A112-05,0.43487373,0.076668255,Source,Her2
TCGA-C8-A12P-01A-11D-A112-05,2.219475,1.0470139,Source,Her2
TCGA-B6-A0RH-01A-21D-A112-05,3.0674918,-2.8897605,Source,Her2
TCGA-A2-A04W-01A-31D-A112-05,2.74556,-2.8130388,Source,Her2
TCGA-A8-A07I-01A-11D-A00Y-05,6.1413765,1.4073051,Source,Her2
TCGA-C8-A135-01A-11D-A112-05,1.7844663,0.5300846,Source,Her2
TCGA-C8-A12T-01A-11D-A112-05,4.262206,0.0034300683,Source,Her2
TCGA-C8-A12Q-01A-11D-A112-05,3.862713,-3.1994488,Source,Her2
TCGA-AN-A04C-01A-21D-A032-05,5.953001,-1.1138341,Source,Her2
TCGA-AN-A0FV-01A-11D-A00Y-05,3.7490106,-3.0659306,Source,Her2
TCGA-A2-A0D1-01A-11D-A032-05,3.3695354,1.2982597,Source,Her2
TCGA-BH-A18P-01A-11D-A12E-05,5.693648,1.0316504,Source,Her2
TCGA-A8-A09G-01A-21D-A00Y-05,1.3978002,0.05656675,Source,Her2
TCGA-C8-A137-01A-11D-A112-05,5.0433955,1.1465422,Source,Her2
TCGA-A2-A0EQ-01A-11D-A032-05,3.7021973,1.0217688,Source,Her2
TCGA-A8-A09X-01A-11D-A00Y-05,3.246101,1.4363743,Source,Her2
TCGA-E2-A14V-01A-11D-A12E-05,6.179828,-1.143271,Source,Her2
TCGA-AO-A12D-01A-11D-A112-05,0.6599428,-0.022379514,Source,Her2
TCGA-D8-A13Z-01A-11D-A112-05,2.0114326,0.8663849,Source,Her2
GSM1712367,2.1780596,-0.7117574,GSE69914,Unknown
GSM1712370,2.4670157,-1.525515,GSE69914,Unknown
GSM1712371,5.5054083,1.3226286,GSE69914,Unknown
GSM1712373,2.0713007,-0.49510825,GSE69914,Unknown
GSM1712374,3.3960419,2.1863303,GSE69914,Unknown
GSM1712375,3.22341,2.0841196,GSE69914,Unknown
GSM1712376,5.4135613,0.19699709,GSE69914,Unknown
GSM1712377,5.6881413,0.008334473,GSE69914,Unknown
GSM1712379,4.6982155,-1.7135962,GSE69914,Unknown
GSM1712380,3.8818283,-2.213656,GSE69914,Unknown
GSM1712381,1.6109772,-0.24159631,GSE69914,Unknown
GSM1712382,5.637139,2.3168595,GSE69914,Unknown
GSM1712384,2.3913717,-1.2198395,GSE69914,Unknown
GSM1712386,3.0557637,-1.2763582,GSE69914,Unknown
GSM1712387,0.8798071,-0.16391432,GSE69914,Unknown
GSM1712388,3.6705952,-1.3693019,GSE69914,Unknown
GSM1712389,4.7113724,-0.19426975,GSE69914,Unknown
GSM1712391,1.1595973,1.0142509,GSE69914,Unknown
GSM1712393,2.695724,0.14116876,GSE69914,Unknown
GSM1712394,0.973812,1.0410126,GSE69914,Unknown
GSM1712395,3.8460426,0.9764997,GSE69914,Unknown
GSM1712396,0.820482,-0.8074116,GSE69914,Unknown
GSM1712397,4.2941008,-0.93587404,GSE69914,Unknown
GSM1712399,1.3495954,0.5455145,GSE69914,Unknown
GSM1712400,4.4173265,-1.2528051,GSE69914,Unknown
GSM1712401,3.2554555,-1.2923127,GSE69914,Unknown
GSM1712402,2.1612442,1.7504826,GSE69914,Unknown
GSM1712403,0.68526924,-0.14291993,GSE69914,Unknown
GSM1712404,1.3477159,0.7441834,GSE69914,Unknown
GSM1712406,5.220559,-0.6468425,GSE69914,Unknown
GSM1712407,5.227882,-0.76487905,GSE69914,Unknown
GSM1712408,-1.0629753,1.1569049,GSE69914,Unknown
GSM1712409,2.7277777,0.047592912,GSE69914,Unknown
GSM1712410,2.2940214,-1.2372632,GSE69914,Unknown
GSM1712413,3.738231,-2.2049682,GSE69914,Unknown
GSM1712414,1.5331329,-0.70472884,GSE69914,Unknown
GSM1712415,0.93155354,0.93602306,GSE69914,Unknown
GSM1712416,5.2315364,2.0586302,GSE69914,Unknown
GSM1712417,3.891279,2.2780902,GSE69914,Unknown
GSM1712418,1.5766659,-1.1725292,GSE69914,Unknown
GSM1712421,4.0248537,2.3134832,GSE69914,Unknown
GSM1712422,1.3135704,-0.41296846,GSE69914,Unknown
GSM1712424,3.3460426,-1.9359025,GSE69914,Unknown
GSM1712425,3.558242,0.6648835,GSE69914,Unknown
GSM1712426,2.2559655,-1.1502334,GSE69914,Unknown
GSM1712428,2.3049233,-1.320223,GSE69914,Unknown
GSM1712429,1.2044398,-1.4574033,GSE69914,Unknown
GSM1712430,1.2253252,-1.5517523,GSE69914,Unknown
GSM1712431,2.453226,-1.0751806,GSE69914,Unknown
GSM1712432,2.2194078,-0.27849424,GSE69914,Unknown
GSM1712433,2.4995775,-0.7187859,GSE69914,Unknown
GSM1712434,2.0098782,-0.19306631,GSE69914,Unknown
GSM1712437,-0.41128632,0.66434675,GSE69914,Unknown
GSM1712438,2.6973166,-0.6238556,GSE69914,Unknown
GSM1712441,-0.15995303,1.2623316,GSE69914,Unknown
GSM1712443,3.4862075,0.6989738,GSE69914,Unknown
GSM1712444,3.5809891,1.0431377,GSE69914,Unknown
GSM1712445,3.0070705,1.8643125,GSE69914,Unknown
GSM1712446,5.6383176,1.0843891,GSE69914,Unknown
GSM1712447,1.4223466,-1.9283257,GSE69914,Unknown
GSM1712448,2.0443013,-0.7059471,GSE69914,Unknown
GSM1712451,4.436322,0.12338665,GSE69914,Unknown
GSM1712452,-0.43544543,0.014413125,GSE69914,Unknown
GSM1712453,0.8711714,-0.31056872,GSE69914,Unknown
GSM1712454,2.4615066,-0.17198972,GSE69914,Unknown
GSM1712455,1.0045812,0.8013838,GSE69914,Unknown
GSM1712456,1.4548931,-2.1798384,GSE69914,Unknown
GSM1712458,-0.77947307,1.3308884,GSE69914,Unknown
GSM1712459,0.94463456,1.0413642,GSE69914,Unknown
GSM1712460,0.8811157,0.9827833,GSE69914,Unknown
GSM1712461,5.857478,2.0270734,GSE69914,Unknown
GSM1712462,2.4314437,1.2444713,GSE69914,Unknown
GSM1712463,2.9833374,1.8630167,GSE69914,Unknown
GSM1712465,2.2392604,-1.1242322,GSE69914,Unknown
GSM1712467,5.253897,-0.48982164,GSE69914,Unknown
GSM1712468,1.5146747,-1.6781929,GSE69914,Unknown
GSM1712469,3.7380798,1.4247891,GSE69914,Unknown
GSM1712470,1.7708724,-0.23018514,GSE69914,Unknown
GSM1712471,2.525046,-1.1092546,GSE69914,Unknown
GSM1712474,0.77005553,-0.3996864,GSE69914,Unknown
GSM1712477,1.4539144,-1.2986178,GSE69914,Unknown
GSM1712478,3.2155693,-1.9531419,GSE69914,Unknown
GSM1712479,1.7556847,-0.6249354,GSE69914,Unknown
GSM1712480,6.1821637,0.9912774,GSE69914,Unknown
GSM1712481,1.3407369,-0.5927289,GSE69914,Unknown
GSM1712482,3.380145,2.0275285,GSE69914,Unknown
GSM1712483,2.184876,-0.3281884,GSE69914,Unknown
GSM1712484,0.95146006,-0.87108344,GSE69914,Unknown
GSM1712485,6.0181346,-1.7230171,GSE69914,Unknown
GSM1712486,2.2017043,-0.8222891,GSE69914,Unknown
GSM1712488,5.713578,0.9406076,GSE69914,Unknown
GSM1712491,2.0864134,-2.2538414,GSE69914,Unknown
GSM1712492,2.403027,-0.54099965,GSE69914,Unknown
GSM1712493,2.7803063,0.05271948,GSE69914,Unknown
GSM1712494,2.055108,-0.53614503,GSE69914,Unknown
GSM1712495,5.4361076,-1.8157002,GSE69914,Unknown
GSM1712496,2.9094548,-0.9226732,GSE69914,Unknown
GSM1712497,1.7840171,-0.50421655,GSE69914,Unknown
GSM1712498,1.3521518,-1.9114045,GSE69914,Unknown
GSM1712499,2.473831,-0.76016206,GSE69914,Unknown
GSM1712501,1.3339367,-1.0559566,GSE69914,Unknown
GSM1712502,5.8787065,2.5340798,GSE69914,Unknown
GSM1712505,2.283421,-0.1525657,GSE69914,Unknown
GSM1712506,3.5782635,2.2787185,GSE69914,Unknown
GSM1712507,2.2544482,-0.45251164,GSE69914,Unknown
GSM1712508,3.4470026,2.2637737,GSE69914,Unknown
GSM1712509,5.714349,2.235558,GSE69914,Unknown
GSM1712512,4.9693265,-0.8146226,GSE69914,Unknown
GSM1712513,1.8781453,-1.0270472,GSE69914,Unknown
GSM1712514,4.025022,0.9697074,GSE69914,Unknown
GSM1712515,0.9052546,-1.151177,GSE69914,Unknown
GSM1712516,1.1082793,-0.92746127,GSE69914,Unknown
GSM1712517,3.3626218,1.866891,GSE69914,Unknown
GSM1712518,0.56196535,-0.256133,GSE69914,Unknown
GSM1712519,1.951022,0.84669745,GSE69914,Unknown
GSM1712521,4.608019,0.6839777,GSE69914,Unknown
GSM1712522,1.2496752,-1.1852155,GSE69914,Unknown
GSM1712524,0.9376334,-1.0684459,GSE69914,Unknown
GSM1712525,0.89728963,0.059090417,GSE69914,Unknown
GSM1712526,2.6980836,-1.3323556,GSE69914,Unknown
GSM1712527,4.0260725,2.1339362,GSE69914,Unknown
GSM1712529,2.4946811,-0.71758354,GSE69914,Unknown
GSM1712530,1.4520216,-2.1097887,GSE69914,Unknown
GSM1712531,-0.18647754,1.7799529,GSE69914,Unknown
GSM1712532,2.6128197,0.22112904,GSE69914,Unknown
GSM1712533,4.6042233,-0.3723025,GSE69914,Unknown
GSM1712534,3.4198499,0.7338067,GSE69914,Unknown
GSM1712536,1.2204432,-1.4279834,GSE69914,Unknown
GSM1712537,6.489487,0.6764471,GSE69914,Unknown
GSM1712539,4.6100264,1.453956,GSE69914,Unknown
GSM1712540,2.4013524,0.5016504,GSE69914,Unknown
GSM1712542,2.580997,-0.99056417,GSE69914,Unknown
GSM1712543,2.6281426,0.41621816,GSE69914,Unknown
GSM1712544,1.2509204,-0.844939,GSE69914,Unknown
GSM1712545,2.4801373,0.15161823,GSE69914,Unknown
GSM1712546,3.0935538,-2.0625105,GSE69914,Unknown
GSM1712547,0.9548219,-0.65706235,GSE69914,Unknown
GSM1712550,1.7674714,0.0024242823,GSE69914,Unknown
GSM1712552,2.7332585,-1.1490173,GSE69914,Unknown
GSM1712553,0.7768887,-0.32834625,GSE69914,Unknown
GSM1712554,4.8403344,-0.7325097,GSE69914,Unknown
GSM1712555,1.6584475,-0.77089655,GSE69914,Unknown
GSM1712556,0.83430624,-0.44504845,GSE69914,Unknown
GSM1712557,5.004052,-1.7356052,GSE69914,Unknown
GSM1712559,1.209113,0.06007742,GSE69914,Unknown
GSM1712561,1.5914246,-0.94212437,GSE69914,Unknown
GSM1712562,1.3643427,-0.5411086,GSE69914,Unknown
GSM1712563,3.7736678,-0.9698171,GSE69914,Unknown
GSM1712564,4.535339,0.6909137,GSE69914,Unknown
GSM1712567,-1.07505,-0.23781851,GSE69914,Unknown
GSM1712568,1.3734549,-0.7049886,GSE69914,Unknown
GSM1712569,3.5077038,0.44446132,GSE69914,Unknown
GSM1712570,3.2174022,-0.98912334,GSE69914,Unknown
GSM1712571,0.91052353,0.59152365,GSE69914,Unknown
GSM1712573,3.7615898,-1.0990218,GSE69914,Unknown
GSM1712575,5.7132273,2.660039,GSE69914,Unknown
GSM1712576,0.91574955,1.2052299,GSE69914,Unknown
GSM1712577,1.8114846,0.32393214,GSE69914,Unknown
GSM1712579,3.9556441,-2.0704694,GSE69914,Unknown
GSM1712580,3.3495653,0.8292674,GSE69914,Unknown
GSM1712582,5.739214,-1.8622848,GSE69914,Unknown
GSM1712584,3.4793854,2.204908,GSE69914,Unknown
GSM1712585,5.921305,0.83588946,GSE69914,Unknown
GSM1712586,5.8885403,1.0211306,GSE69914,Unknown
GSM1712587,1.7298316,0.3455217,GSE69914,Unknown
GSM1712588,2.0204463,0.04997467,GSE69914,Unknown
GSM1712589,4.4261193,0.7030865,GSE69914,Unknown
GSM1712590,0.99090093,0.12556918,GSE69914,Unknown
GSM1712591,1.497526,-1.2821102,GSE69914,Unknown
GSM1712592,3.5941195,-0.26274732,GSE69914,Unknown
GSM1712593,5.684794,-1.7203141,GSE69914,Unknown
GSM1712594,1.9580005,-0.34893605,GSE69914,Unknown
GSM1712596,5.4672837,2.4693606,GSE69914,Unknown
GSM1712599,1.32428,1.2830052,GSE69914,Unknown
GSM1712600,1.8153409,-0.53665984,GSE69914,Unknown
GSM1712601,1.0590432,0.32632318,GSE69914,Unknown
GSM1712602,3.6131668,0.83275247,GSE69914,Unknown
GSM1712603,4.382975,0.66944164,GSE69914,Unknown
GSM1712604,2.6786206,-1.3085892,GSE69914,Unknown
GSM1712605,2.0769112,-0.69754887,GSE69914,Unknown
GSM1712607,-0.41876882,0.023078112,GSE69914,Unknown
GSM1712608,-0.5862425,-0.13306068,GSE69914,Unknown
GSM1712610,1.3115324,0.8891789,GSE69914,Unknown
GSM1712611,2.1961172,-0.23192503,GSE69914,Unknown
GSM1712612,3.2218494,-1.3485272,GSE69914,Unknown
GSM1712613,1.3630201,-1.091866,GSE69914,Unknown
GSM1712614,3.0578566,-1.7532167,GSE69914,Unknown
GSM1712617,1.7523583,-0.59208745,GSE69914,Unknown
GSM1712618,1.3891673,-1.1140186,GSE69914,Unknown
GSM1712619,1.1417265,-0.14049444,GSE69914,Unknown
GSM1712621,2.0271642,-0.3021329,GSE69914,Unknown
GSM1712622,1.130559,-1.0021505,GSE69914,Unknown
GSM1712623,3.2507665,2.2277098,GSE69914,Unknown
GSM1712624,1.7885587,-0.19989182,GSE69914,Unknown
GSM1712626,0.87047994,-0.73695004,GSE69914,Unknown
GSM1712627,3.304926,1.8592874,GSE69914,Unknown
GSM1712628,2.1404724,-0.8324881,GSE69914,Unknown
GSM1712629,0.0685429,1.8783877,GSE69914,Unknown
GSM1712630,-1.0723212,0.6256953,GSE69914,Unknown
GSM1712631,3.3163857,-0.68112195,GSE69914,Unknown
GSM1712634,2.2420192,-1.0044929,GSE69914,Unknown
GSM1712635,4.7715898,0.64959776,GSE69914,Unknown
GSM1712637,2.3518074,-2.0612535,GSE69914,Unknown
GSM1712638,1.2169093,0.35081315,GSE69914,Unknown
GSM1712639,1.4627188,1.2472169,GSE69914,Unknown
GSM1712640,5.3757863,-0.45560935,GSE69914,Unknown
GSM1712641,0.82714754,-0.82473,GSE69914,Unknown
GSM1712643,3.0327601,2.305666,GSE69914,Unknown
GSM1712645,0.8805533,-0.74302065,GSE69914,Unknown
GSM1712646,2.0130675,-1.3785647,GSE69914,Unknown
GSM1712647,1.4983494,-0.405833,GSE69914,Unknown
GSM1712651,-0.14716531,1.5968593,GSE69914,Unknown
GSM1712652,0.7695821,-0.6007408,GSE69914,Unknown
GSM1712653,0.7559221,-0.37882802,GSE69914,Unknown
GSM1712654,1.7521305,-0.83795005,GSE69914,Unknown
GSM1712655,4.4857206,1.942348,GSE69914,Unknown
GSM1712656,2.2040856,0.018641979,GSE69914,Unknown
GSM1712657,1.3286295,-1.6741625,GSE69914,Unknown
GSM1712658,4.6203456,1.506717,GSE69914,Unknown
GSM1712659,1.8104084,-0.5013033,GSE69914,Unknown
GSM1712662,2.0593007,-0.4980103,GSE69914,Unknown
GSM1712663,4.6252437,-1.134506,GSE69914,Unknown
GSM1712665,5.4125347,1.6203809,GSE69914,Unknown
GSM1712666,4.7999086,-1.166893,GSE69914,Unknown
GSM1712667,2.5275276,-1.3165525,GSE69914,Unknown
GSM1712668,4.1222053,-1.0512482,GSE69914,Unknown
GSM1712669,0.89593726,-1.0461036,GSE69914,Unknown
GSM1712670,1.323637,-0.9865907,GSE69914,Unknown
GSM1712671,2.613356,0.13463332,GSE69914,Unknown
GSM1712673,3.7773051,-1.5764989,GSE69914,Unknown
GSM1712674,1.1216608,-0.7119273,GSE69914,Unknown
GSM1712675,3.2164142,-0.6228768,GSE69914,Unknown
GSM1712676,2.2103183,0.030051453,GSE69914,Unknown
GSM1712677,1.596727,-0.85408604,GSE69914,Unknown
GSM1712679,3.3485525,1.5125086,GSE69914,Unknown
GSM1712680,2.615296,-1.6920853,GSE69914,Unknown
GSM1712681,2.5804663,1.855132,GSE69914,Unknown
GSM1712684,5.677341,0.25077313,GSE69914,Unknown
GSM1712685,1.0526243,0.24517892,GSE69914,Unknown
GSM1712686,1.8701943,0.35291767,GSE69914,Unknown
GSM1712688,5.422091,1.3874854,GSE69914,Unknown
GSM1712689,2.1801353,-0.18890949,GSE69914,Unknown
GSM1712690,-0.8067872,1.400692,GSE69914,Unknown
GSM1712691,2.79448,-1.4790798,GSE69914,Unknown
GSM1712692,0.8744372,0.05073919,GSE69914,Unknown
GSM1712694,2.1712983,-0.9496307,GSE69914,Unknown
GSM1712695,3.407029,2.165329,GSE69914,Unknown
GSM1712696,1.899943,0.37329876,GSE69914,Unknown
GSM1712697,-0.6115663,1.5360148,GSE69914,Unknown
GSM1712698,2.426787,-1.39261,GSE69914,Unknown
GSM1712699,-0.34832612,0.31749612,GSE69914,Unknown
GSM1712702,0.7569039,-0.56981593,GSE69914,Unknown
GSM1712703,1.3370353,-0.9428624,GSE69914,Unknown
GSM1712704,3.1826048,1.9808297,GSE69914,Unknown
GSM1712705,4.48323,0.32787883,GSE69914,Unknown
GSM1712707,1.9570696,-0.37702417,GSE69914,Unknown
GSM1712709,0.950741,-0.95246387,GSE69914,Unknown
GSM1712710,3.9785554,1.9136473,GSE69914,Unknown
GSM1712711,1.9069631,-0.1526473,GSE69914,Unknown
GSM1712712,4.3672094,1.5140321,GSE69914,Unknown
GSM1712714,2.1322227,0.06712042,GSE69914,Unknown
GSM1712715,3.4332378,2.2508297,GSE69914,Unknown
GSM1712716,3.400675,2.2502692,GSE69914,Unknown
GSM1712717,5.3759894,-0.31304285,GSE69914,Unknown
GSM1712718,3.6212819,-1.5524104,GSE69914,Unknown
GSM1712719,3.5070302,2.1217933,GSE69914,Unknown
GSM1712720,1.5122944,0.50999975,GSE69914,Unknown
GSM1712722,2.6577926,-0.63750094,GSE69914,Unknown
GSM1712725,2.473458,-0.6466762,GSE69914,Unknown
GSM1712726,2.662627,0.58359283,GSE69914,Unknown
GSM1712728,3.8952308,0.8954957,GSE69914,Unknown
GSM1712729,1.9710513,-0.22995678,GSE69914,Unknown
GSM1712730,4.1133094,1.123631,GSE69914,Unknown
GSM1712731,5.536461,-1.8039129,GSE69914,Unknown
GSM1712732,1.2880176,-1.8403628,GSE69914,Unknown
GSM1712734,4.0979056,2.0385315,GSE69914,Unknown
GSM1712735,1.5586067,1.1673315,GSE69914,Unknown
GSM1712736,3.8321931,0.6323359,GSE69914,Unknown
GSM1712738,3.9939392,-1.2661302,GSE69914,Unknown
GSM1712740,5.8540125,1.3393065,GSE69914,Unknown
GSM1712741,2.8632326,0.012879631,GSE69914,Unknown
GSM1712742,3.9659805,-0.3252546,GSE69914,Unknown
GSM1712744,3.1046193,1.973958,GSE69914,Unknown
GSM1712746,-0.80622625,0.9519592,GSE69914,Unknown
GSM1712747,2.0942233,-0.67092735,GSE69914,Unknown
GSM1712748,0.94273627,-0.8706296,GSE69914,Unknown
GSM1712749,0.8879754,-1.0154811,GSE69914,Unknown
GSM1712750,4.7830424,1.679243,GSE69914,Unknown
GSM1712751,4.085593,1.200322,GSE69914,Unknown
GSM1712753,0.9989045,-1.1343821,GSE69914,Unknown
GSM1712754,1.4830545,-0.5610772,GSE69914,Unknown
GSM1712756,1.6307919,-0.03512873,GSE69914,Unknown
GSM1712758,3.167792,-1.7767504,GSE69914,Unknown
GSM1712760,0.88854533,0.91644716,GSE69914,Unknown
GSM1712766,3.2843697,2.0095043,GSE69914,Unknown
GSM1712767,5.9443765,1.7752424,GSE69914,Unknown
GSM1712768,1.1307669,0.5051325,GSE69914,Unknown
GSM1712769,2.4570112,-1.0465493,GSE69914,Unknown
GSM1712770,2.2115393,-0.9622995,GSE69914,Unknown
GSM1712771,2.5820332,-0.96883273,GSE69914,Unknown
GSM1712773,4.6519012,0.8711429,GSE69914,Unknown
GSM1712774,6.001729,2.3591883,GSE69914,Unknown
GSM1712775,4.5532455,0.4138411,GSE69914,Unknown
GSM1712778,1.6190896,-0.39526254,GSE69914,Unknown
GSM1712779,1.0315247,-0.21019262,GSE69914,Unknown
GSM1858429,2.0011756,0.9569133,GSE72245,Unknown
GSM1858430,1.422208,0.9119485,GSE72245,Unknown
GSM1858431,4.6890616,-0.9753054,GSE72245,Unknown
GSM1858432,6.3876824,0.9888373,GSE72245,Unknown
GSM1858433,-0.87454385,1.0167477,GSE72245,Unknown
GSM1858434,0.384524,0.8018579,GSE72245,Unknown
GSM1858435,2.5382242,-0.19895473,GSE72245,Unknown
GSM1858436,2.9759302,0.4159659,GSE72245,Unknown
GSM1858437,3.5821652,1.3289577,GSE72245,Unknown
GSM1858438,-0.83390874,0.03210842,GSE72245,Unknown
GSM1858439,4.1494074,-1.9850112,GSE72245,Unknown
GSM1858440,3.5553784,0.5851865,GSE72245,Unknown
GSM1858441,3.5645573,1.9797186,GSE72245,Unknown
GSM1858442,3.9511967,-2.1641748,GSE72245,Unknown
GSM1858443,3.466974,1.4623704,GSE72245,Unknown
GSM1858444,5.2260637,-1.6621561,GSE72245,Unknown
GSM1858445,-0.48946977,0.46986267,GSE72245,Unknown
GSM1858446,4.0843,-1.6455483,GSE72245,Unknown
GSM1858447,5.0702524,-1.6209394,GSE72245,Unknown
GSM1858448,5.7087317,2.8264155,GSE72245,Unknown
GSM1858449,3.0116556,-0.9282305,GSE72245,Unknown
GSM1858450,6.306585,1.2744238,GSE72245,Unknown
GSM1858451,0.0048877033,0.68347675,GSE72245,Unknown
GSM1858452,4.753724,1.2255806,GSE72245,Unknown
GSM1858453,2.9463465,-0.84556204,GSE72245,Unknown
GSM1858454,1.6498507,0.71837676,GSE72245,Unknown
GSM1858455,-0.81631905,-0.022939945,GSE72245,Unknown
GSM1858456,3.6332827,-1.6939064,GSE72245,Unknown
GSM1858457,3.5530946,0.18857037,GSE72245,Unknown
GSM1858458,5.3017445,-0.31936046,GSE72245,Unknown
GSM1858459,6.2655535,-0.30565253,GSE72245,Unknown
GSM1858460,3.9633598,-1.1590714,GSE72245,Unknown
GSM1858461,-0.74538636,1.3787942,GSE72245,Unknown
GSM1858462,0.16700141,0.06938451,GSE72245,Unknown
GSM1858463,6.0443144,1.8916456,GSE72245,Unknown
GSM1858464,-0.5845419,0.07105504,GSE72245,Unknown
GSM1858465,-0.3363135,0.80792934,GSE72245,Unknown
GSM1858466,3.881628,1.74295,GSE72245,Unknown
GSM1858467,4.284247,-2.4104614,GSE72245,Unknown
GSM1858468,0.83841324,1.0363686,GSE72245,Unknown
GSM1858469,2.728554,1.0063964,GSE72245,Unknown
GSM1858470,1.4835267,-2.1480613,GSE72245,Unknown
GSM1858471,3.3504198,-2.391547,GSE72245,Unknown
GSM1858472,0.073470555,0.7670651,GSE72245,Unknown
GSM1858473,5.45366,2.4379258,GSE72245,Unknown
GSM1858474,5.6099253,1.3611504,GSE72245,Unknown
GSM1858475,5.681907,2.7283924,GSE72245,Unknown
GSM1858476,-1.0898165,0.18576768,GSE72245,Unknown
GSM1858477,3.2511349,-0.009813374,GSE72245,Unknown
GSM1858478,3.1157215,1.6310475,GSE72245,Unknown
GSM1858479,4.817128,0.23726647,GSE72245,Unknown
GSM1858480,4.4382324,-1.961762,GSE72245,Unknown
GSM1858481,0.45236847,0.6338297,GSE72245,Unknown
GSM1858482,-0.9275419,0.5132094,GSE72245,Unknown
GSM1858483,3.3359678,-2.5208197,GSE72245,Unknown
GSM1858484,3.114981,-1.1515832,GSE72245,Unknown
GSM1858485,4.367885,0.027492115,GSE72245,Unknown
GSM1858486,5.3985205,-2.224721,GSE72245,Unknown
GSM1858487,1.8850799,-2.2631128,GSE72245,Unknown
GSM1858488,4.0986485,0.44867712,GSE72245,Unknown
GSM1858489,4.2791786,0.5912628,GSE72245,Unknown
GSM1858490,2.3838089,-2.2006364,GSE72245,Unknown
GSM1858491,3.5974827,0.006071793,GSE72245,Unknown
GSM1858492,0.806303,1.0388417,GSE72245,Unknown
GSM1858493,3.3730721,1.4650191,GSE72245,Unknown
GSM1858494,5.277691,1.6523892,GSE72245,Unknown
GSM1858495,6.210691,0.8630596,GSE72245,Unknown
GSM1858496,2.2338915,-0.7083454,GSE72245,Unknown
GSM1858497,3.927777,1.0184362,GSE72245,Unknown
GSM1858498,3.063916,1.7004424,GSE72245,Unknown
GSM1858499,3.18253,2.1798637,GSE72245,Unknown
GSM1858500,5.172712,0.79861724,GSE72245,Unknown
GSM1858501,3.1071167,-0.25643036,GSE72245,Unknown
GSM1858502,1.0942035,1.1362113,GSE72245,Unknown
GSM1858503,1.3716754,0.7226435,GSE72245,Unknown
GSM1858504,0.6913892,0.86039513,GSE72245,Unknown
GSM1858505,1.8317037,0.3369844,GSE72245,Unknown
GSM1858506,3.5414224,2.22964,GSE72245,Unknown
GSM1858507,4.316585,1.0620896,GSE72245,Unknown
GSM1858508,1.4829022,1.1289259,GSE72245,Unknown
GSM1858509,5.813852,1.1407708,GSE72245,Unknown
GSM1858510,-0.90122706,1.108469,GSE72245,Unknown
GSM1858511,4.2253613,0.27988368,GSE72245,Unknown
GSM1858512,3.0845156,-1.0811077,GSE72245,Unknown
GSM1858513,-0.06571214,1.3404651,GSE72245,Unknown
GSM1858514,3.0771236,-0.9961615,GSE72245,Unknown
GSM1858515,2.414457,0.98331726,GSE72245,Unknown
GSM1858516,5.241926,-0.91213506,GSE72245,Unknown
GSM1858517,5.402068,-1.4571296,GSE72245,Unknown
GSM1858518,0.24228215,0.7152437,GSE72245,Unknown
GSM1858519,3.511556,-0.2285644,GSE72245,Unknown
GSM1858520,5.168906,1.593298,GSE72245,Unknown
GSM1858521,4.756457,0.35284615,GSE72245,Unknown
GSM1858522,4.58001,0.34175256,GSE72245,Unknown
GSM1858523,-0.026567442,0.7447425,GSE72245,Unknown
GSM1858524,5.319958,1.384414,GSE72245,Unknown
GSM1858525,5.068389,-1.6034788,GSE72245,Unknown
GSM1858526,3.2761104,0.45993847,GSE72245,Unknown
GSM1858527,3.992482,-0.5808441,GSE72245,Unknown
GSM1858528,6.2185807,0.9080082,GSE72245,Unknown
GSM1858529,3.0412252,1.2865628,GSE72245,Unknown
GSM1858530,5.447084,1.6242611,GSE72245,Unknown
GSM1858531,4.2143993,0.2858711,GSE72245,Unknown
GSM1858532,2.773956,1.1311334,GSE72245,Unknown
GSM1858533,3.3912818,1.8612671,GSE72245,Unknown
GSM1858534,2.5294535,0.71861607,GSE72245,Unknown
GSM1858535,2.8897212,2.3123999,GSE72245,Unknown
GSM1858536,0.73358995,0.90743786,GSE72245,Unknown
GSM1858537,3.1643193,1.2793497,GSE72245,Unknown
GSM1858538,5.323587,1.1731263,GSE72245,Unknown
GSM1858539,5.433404,1.2862631,GSE72245,Unknown
GSM1858540,2.4445243,0.72337544,GSE72245,Unknown
GSM1858541,6.2505326,1.2651519,GSE72245,Unknown
GSM1858542,3.401209,-0.6603673,GSE72245,Unknown
GSM1858543,-0.49921173,1.1411842,GSE72245,Unknown
GSM1858544,4.220884,-0.53433055,GSE72245,Unknown
GSM1858545,4.2563972,-0.96267813,GSE72245,Unknown
GSM1858546,5.2033362,1.6875778,GSE72245,Unknown
GSM1941862,-0.24981053,0.22084264,GSE75067,Unknown
GSM1941863,4.876155,-1.1491398,GSE75067,Unknown
GSM1941864,-0.5461751,0.12812176,GSE75067,Unknown
GSM1941865,1.3208058,0.70233536,GSE75067,Unknown
GSM1941866,3.6236432,2.114306,GSE75067,Unknown
GSM1941867,3.174579,-1.525474,GSE75067,Unknown
GSM1941868,4.2453876,-1.9719688,GSE75067,Unknown
GSM1941869,4.4234796,-1.7754854,GSE75067,Unknown
GSM1941870,5.347193,-0.879348,GSE75067,Unknown
GSM1941871,1.4637748,-0.49955234,GSE75067,Unknown
GSM1941872,-0.92025685,1.1835856,GSE75067,Unknown
GSM1941873,-0.1072455,-0.19407,GSE75067,Unknown
GSM1941874,1.3156615,-0.9546908,GSE75067,Unknown
GSM1941875,-0.61612564,-0.47193873,GSE75067,Unknown
GSM1941876,-0.3192152,0.3680987,GSE75067,Unknown
GSM1941877,2.0019374,0.99818856,GSE75067,Unknown
GSM1941878,0.16561669,0.499514,GSE75067,Unknown
GSM1941879,3.037092,-1.6054238,GSE75067,Unknown
GSM1941880,-0.69174486,0.1895538,GSE75067,Unknown
GSM1941881,-0.9169899,-0.03465023,GSE75067,Unknown
GSM1941882,3.0533078,2.2554061,GSE75067,Unknown
GSM1941883,-0.9752625,0.96506846,GSE75067,Unknown
GSM1941884,2.803915,-1.0862397,GSE75067,Unknown
GSM1941885,1.6302018,-0.049139004,GSE75067,Unknown
GSM1941886,4.8901052,-0.8591091,GSE75067,Unknown
GSM1941887,0.001449732,1.0350702,GSE75067,Unknown
GSM1941888,-0.19481245,1.6199929,GSE75067,Unknown
GSM1941889,2.395588,-0.05255465,GSE75067,Unknown
GSM1941890,5.931939,1.1157027,GSE75067,Unknown
GSM1941891,3.070404,-0.9115706,GSE75067,Unknown
GSM1941892,4.1554117,-1.3905157,GSE75067,Unknown
GSM1941893,0.8827665,-0.19461459,GSE75067,Unknown
GSM1941894,-1.0386492,1.0798047,GSE75067,Unknown
GSM1941895,-1.0255618,0.5372406,GSE75067,Unknown
GSM1941896,3.6102235,-2.7047448,GSE75067,Unknown
GSM1941897,2.6378427,1.8759168,GSE75067,Unknown
GSM1941898,0.4337825,-0.44538122,GSE75067,Unknown
GSM1941899,-0.796119,0.18027262,GSE75067,Unknown
GSM1941900,-0.9501696,1.0895405,GSE75067,Unknown
GSM1941901,4.3919644,1.3941377,GSE75067,Unknown
GSM1941902,1.5172708,0.6556779,GSE75067,Unknown
GSM1941903,4.769733,0.4973503,GSE75067,Unknown
GSM1941904,5.392992,-0.3101389,GSE75067,Unknown
GSM1941905,4.0835133,-1.6223803,GSE75067,Unknown
GSM1941906,4.1295757,-2.4322643,GSE75067,Unknown
GSM1941907,1.803068,-2.301928,GSE75067,Unknown
GSM1941908,-0.843298,1.4376913,GSE75067,Unknown
GSM1941909,3.4774554,-2.1852744,GSE75067,Unknown
GSM1941910,1.1765492,0.24453408,GSE75067,Unknown
GSM1941911,1.9863923,-0.98911566,GSE75067,Unknown
GSM1941912,4.0341387,-0.012016206,GSE75067,Unknown
GSM1941913,2.3486211,1.0094167,GSE75067,Unknown
GSM1941914,3.7075102,-1.3892691,GSE75067,Unknown
GSM1941915,3.4627461,1.3893194,GSE75067,Unknown
GSM1941916,1.7473868,1.0954063,GSE75067,Unknown
GSM1941917,4.4442306,1.7999241,GSE75067,Unknown
GSM1941918,5.199161,-0.6152969,GSE75067,Unknown
GSM1941919,3.26399,-2.063872,GSE75067,Unknown
GSM1941920,5.2361765,-1.1953068,GSE75067,Unknown
GSM1941921,2.0445948,-0.84403366,GSE75067,Unknown
GSM1941922,2.7919862,-1.3953408,GSE75067,Unknown
GSM1941923,2.2636127,-1.4163617,GSE75067,Unknown
GSM1941924,-1.2034631,0.43490118,GSE75067,Unknown
GSM1941925,5.5469,2.3444881,GSE75067,Unknown
GSM1941926,0.1732144,0.019067228,GSE75067,Unknown
GSM1941927,5.783221,-0.38023964,GSE75067,Unknown
GSM1941928,3.823014,-1.7156471,GSE75067,Unknown
GSM1941929,1.683322,1.3255992,GSE75067,Unknown
GSM1941930,5.7067013,-1.7922914,GSE75067,Unknown
GSM1941931,3.8628318,0.63569653,GSE75067,Unknown
GSM1941932,-0.1340244,0.60363925,GSE75067,Unknown
GSM1941933,1.0106533,0.4861668,GSE75067,Unknown
GSM1941934,1.4362929,1.0386,GSE75067,Unknown
GSM1941935,3.0639632,-1.1156821,GSE75067,Unknown
GSM1941936,1.9184991,-0.7158166,GSE75067,Unknown
GSM1941937,-0.7129223,-0.09692761,GSE75067,Unknown
GSM1941938,3.2502155,-0.39665487,GSE75067,Unknown
GSM1941939,-0.77523375,1.3599962,GSE75067,Unknown
GSM1941940,3.940807,-0.12634693,GSE75067,Unknown
GSM1941941,0.188199,0.21218947,GSE75067,Unknown
GSM1941942,5.50512,-2.4194376,GSE75067,Unknown
GSM1941943,3.0686154,1.2935789,GSE75067,Unknown
GSM1941944,5.631148,-0.2113819,GSE75067,Unknown
GSM1941945,0.5276178,0.84764487,GSE75067,Unknown
GSM1941946,1.4949269,0.22278714,GSE75067,Unknown
GSM1941947,-0.863733,-0.2240454,GSE75067,Unknown
GSM1941948,2.4118059,-0.56048846,GSE75067,Unknown
GSM1941949,5.7713647,-0.0951996,GSE75067,Unknown
GSM1941950,3.8653476,1.2984451,GSE75067,Unknown
GSM1941951,1.1294731,-1.5386037,GSE75067,Unknown
GSM1941952,5.8755946,1.2273487,GSE75067,Unknown
GSM1941953,2.3969624,0.7320274,GSE75067,Unknown
GSM1941954,1.1071564,-0.45308283,GSE75067,Unknown
GSM1941955,3.9943218,1.8278304,GSE75067,Unknown
GSM1941956,-0.5929486,1.0269244,GSE75067,Unknown
GSM1941957,3.0768387,-0.6677053,GSE75067,Unknown
GSM1941958,2.717382,-1.4909983,GSE75067,Unknown
GSM1941959,-0.6984224,-0.00030010578,GSE75067,Unknown
GSM1941960,-0.8905892,0.047840543,GSE75067,Unknown
GSM1941961,5.552687,-2.0034509,GSE75067,Unknown
GSM1941962,4.7090273,-0.75736564,GSE75067,Unknown
GSM1941963,1.7069031,1.2454232,GSE75067,Unknown
GSM1941964,1.0545279,-0.5330001,GSE75067,Unknown
GSM1941965,5.4146595,2.5583813,GSE75067,Unknown
GSM1941966,4.639927,1.645153,GSE75067,Unknown
GSM1941967,-0.8487031,1.3063885,GSE75067,Unknown
GSM1941968,3.2488763,2.2259333,GSE75067,Unknown
GSM1941969,3.9389358,0.7790094,GSE75067,Unknown
GSM1941970,1.2751997,-1.8259038,GSE75067,Unknown
GSM1941971,1.4416293,0.19358686,GSE75067,Unknown
GSM1941972,2.3624656,1.0311812,GSE75067,Unknown
GSM1941973,-0.48292786,1.3349061,GSE75067,Unknown
GSM1941974,3.3208022,-1.7054099,GSE75067,Unknown
GSM1941975,1.8245741,-2.3251765,GSE75067,Unknown
GSM1941976,5.640334,1.2284524,GSE75067,Unknown
GSM1941977,4.768439,1.600405,GSE75067,Unknown
GSM1941978,3.6816869,0.55936885,GSE75067,Unknown
GSM1941979,-0.4820894,0.118722804,GSE75067,Unknown
GSM1941980,1.4675349,1.3096303,GSE75067,Unknown
GSM1941981,0.45669544,0.86655766,GSE75067,Unknown
GSM1941982,1.4157829,-0.92131555,GSE75067,Unknown
GSM1941983,3.0955532,1.4058744,GSE75067,Unknown
GSM1941984,2.9494963,-1.3722082,GSE75067,Unknown
GSM1941985,5.669163,1.5161998,GSE75067,Unknown
GSM1941986,0.09970879,0.06976663,GSE75067,Unknown
GSM1941987,-0.10576846,0.53025824,GSE75067,Unknown
GSM1941988,2.8918202,-0.60153127,GSE75067,Unknown
GSM1941989,1.649492,-0.8228641,GSE75067,Unknown
GSM1941990,4.4047666,-0.36090448,GSE75067,Unknown
GSM1941991,2.4634151,-1.2842463,GSE75067,Unknown
GSM1941992,-0.7146049,0.16105118,GSE75067,Unknown
GSM1941993,4.4136777,0.7512572,GSE75067,Unknown
GSM1941994,4.468593,0.9061813,GSE75067,Unknown
GSM1941995,2.415487,-2.2584548,GSE75067,Unknown
GSM1941996,3.5211124,2.1173193,GSE75067,Unknown
GSM1941997,3.1091053,-1.5407444,GSE75067,Unknown
GSM1941998,-0.05079184,1.6577004,GSE75067,Unknown
GSM1941999,4.2799315,-2.2558796,GSE75067,Unknown
GSM1942000,3.356385,-0.040275093,GSE75067,Unknown
GSM1942001,-0.7944295,-0.013752782,GSE75067,Unknown
GSM1942002,1.1857185,-0.7966544,GSE75067,Unknown
GSM1942003,-0.8119011,1.1257753,GSE75067,Unknown
GSM1942004,1.4380385,-0.9626593,GSE75067,Unknown
GSM1942005,5.934263,1.348404,GSE75067,Unknown
GSM1942006,0.77933455,0.58032537,GSE75067,Unknown
GSM1942007,0.4977922,0.71793485,GSE75067,Unknown
GSM1942008,4.3636265,2.3149276,GSE75067,Unknown
GSM1942009,4.0250373,2.0416548,GSE75067,Unknown
GSM1942010,5.683756,1.514641,GSE75067,Unknown
GSM1942011,-0.74848044,1.3693748,GSE75067,Unknown
GSM1942012,0.3711752,0.6991784,GSE75067,Unknown
GSM1942013,1.8153355,-1.8829577,GSE75067,Unknown
GSM1942014,-0.9070826,1.2235409,GSE75067,Unknown
GSM1942015,3.3403182,1.2123688,GSE75067,Unknown
GSM1942016,1.4842042,0.9642308,GSE75067,Unknown
GSM1942017,4.12173,-1.4319755,GSE75067,Unknown
GSM1942018,5.898119,-0.30859792,GSE75067,Unknown
GSM1942019,2.511654,-0.52997714,GSE75067,Unknown
GSM1942020,4.0373178,0.15725039,GSE75067,Unknown
GSM1942021,-0.849674,1.1109661,GSE75067,Unknown
GSM1942022,2.4614801,-0.11495312,GSE75067,Unknown
GSM1942023,4.4426684,2.4607468,GSE75067,Unknown
GSM1942024,3.6443884,2.2448313,GSE75067,Unknown
GSM1942025,5.6434803,2.8180416,GSE75067,Unknown
GSM1942026,2.6016998,-0.01634245,GSE75067,Unknown
GSM1942027,5.3851023,-0.16388676,GSE75067,Unknown
GSM1942028,1.9586123,-2.1947684,GSE75067,Unknown
GSM1942029,4.12352,-2.2585487,GSE75067,Unknown
GSM1942030,4.0726423,-0.088209465,GSE75067,Unknown
GSM1942031,1.6929127,-1.837224,GSE75067,Unknown
GSM1942032,5.566839,2.7516167,GSE75067,Unknown
GSM1942033,3.0783806,0.6861484,GSE75067,Unknown
GSM1942034,0.7926329,1.4658884,GSE75067,Unknown
GSM1942035,0.3649114,0.8943958,GSE75067,Unknown
GSM1942036,3.599658,2.0007412,GSE75067,Unknown
GSM1942037,4.4635744,2.6051164,GSE75067,Unknown
GSM1942038,0.9302574,0.7844109,GSE75067,Unknown
GSM1942039,5.6157675,2.8153274,GSE75067,Unknown
GSM1942040,5.3168454,2.6827393,GSE75067,Unknown
GSM1942041,-0.27501807,0.32364622,GSE75067,Unknown
GSM1942042,2.3237364,0.4174828,GSE75067,Unknown
GSM1942043,1.1723831,-0.7466198,GSE75067,Unknown
GSM1942044,3.8796134,-0.6135108,GSE75067,Unknown
GSM1942045,2.5830238,-0.6275549,GSE75067,Unknown
GSM1942046,4.459976,-2.3876007,GSE75067,Unknown
GSM1942047,1.3930991,0.78661984,GSE75067,Unknown
GSM1942048,3.688014,1.2799045,GSE75067,Unknown
GSM1942049,4.964666,-1.0583607,GSE75067,Unknown
